-1,-1,-1,-1,-1,-1,-1,-1,-1,-1,-1,-1,-1,-1,-1,-1,-1,-1,-1,-1,-1,-1,-1,-1,-1,-1,-1,-1,-1,-1,-1,-1,-1,-1,-1,-1,-1,-1,-1,-1,-1,-1,-1,-1,-1,-1,-1,-1,-1,-1,-1,-1,-1,-1,-1,-1,-1,-1,-1,-1,-1,-1,-1,-1,-1,-1,-1,-1,-1,-1,-1,-1,-1,-1,-1,-1,-1,-1,-1,-1,-1,-1,-1,-1,-1,-1,-1,-1,-1,-1,-1,-1,-1,-1,-1,-1,-1,-1,-1,-1,-1,-1,-1,-1,-1,-1,-1,-1,-1,-1,-1,-1,-1,-1,-1,-1,-1,-1,-1,-1,-1,-1,-1,-1,-1,-1,-1,-1,-1,-1,-1,-1,-1,-1,-1,-1,-1,-1,-1,-1,-1
-1,83350,84351,84352,-1,90374,90373,90372,90371,90370,90369,89368,90369,90370,90371,90372,90373,90374,90375,90376,90377,90378,90379,90380,90381,90382,-1,91392,92393,92394,92395,92396,92397,92398,92399,92400,92401,92402,92403,92404,-1,133530,134531,134532,134533,134534,134535,134536,134537,134538,134539,134540,-1,138550,138549,137548,138549,138550,-1,141556,-1,134570,134569,133568,134569,134570,134571,134572,134573,134574,-1,128552,128551,128550,128549,128548,128547,128546,128545,128544,128543,128542,128541,127540,-1,130554,130553,130552,130551,129550,130551,130552,-1,125546,126547,126548,-1,129554,130555,130556,130557,130558,130559,130560,130561,130562,-1,136588,136587,136586,136585,136584,136583,136582,136581,135580,136581,136582,-1,136596,136595,136594,136593,136592,136591,135590,-1,135592,-1,143610,144611,144612,144613,144614,144615,144616,144617,144618,-1,147628,-1
-1,83349,-1,85353,-1,-1,-1,-1,-1,-1,-1,89367,-1,-1,-1,-1,-1,-1,-1,-1,-1,-1,-1,-1,-1,91383,-1,91391,-1,-1,-1,-1,-1,-1,-1,93395,-1,-1,-1,-1,-1,133529,-1,-1,-1,-1,-1,-1,-1,135539,-1,135541,-1,-1,-1,137547,-1,139551,-1,141555,-1,135569,-1,133567,-1,135571,-1,-1,-1,-1,-1,129553,-1,-1,-1,-1,-1,129547,-1,-1,-1,-1,-1,127539,-1,-1,-1,131553,-1,129549,-1,-1,-1,125545,-1,127549,-1,129553,-1,131557,-1,-1,-1,-1,-1,131563,-1,-1,-1,-1,-1,-1,-1,137577,-1,135579,-1,-1,-1,137583,-1,-1,-1,137587,-1,135589,-1,135591,-1,143609,-1,-1,-1,-1,-1,145617,-1,145619,-1,147627,-1
-1,83348,-1,85354,86355,86356,86357,86358,86359,86360,-1,89366,-1,92396,92395,92394,92393,92392,92391,92390,92389,92388,92387,91386,92385,91384,92385,91390,92387,92388,92389,92390,92391,92392,92393,92394,92395,92396,92397,91402,-1,132528,132527,132526,132525,131524,-1,131522,-1,135540,-1,135542,136543,136544,136545,136546,-1,139552,140553,140554,-1,134568,134567,133566,-1,135572,-1,130558,130557,130556,130555,129554,-1,126524,126523,125522,-1,129548,130549,130550,130551,130552,-1,126538,126537,125536,-1,131554,-1,128548,128547,127546,-1,125544,-1,127550,128551,128552,-1,130558,130557,130556,130555,129554,-1,131564,132565,132566,132567,132568,-1,135574,136575,136576,-1,135578,-1,135580,136581,136582,-1,135584,136585,136586,-1,135588,-1,135590,-1,143608,-1,141606,-1,145616,146617,145618,-1,145620,-1,147626,-1
-1,83347,-1,-1,-1,-1,-1,-1,-1,87361,-1,89365,-1,93383,-1,-1,-1,93393,-1,93391,-1,-1,-1,91385,-1,91385,-1,91389,-1,-1,-1,-1,-1,93393,-1,-1,-1,-1,-1,91401,-1,-1,-1,-1,-1,131523,-1,131521,-1,135541,-1,-1,-1,-1,-1,137547,-1,-1,-1,-1,-1,135569,-1,133565,-1,-1,-1,131559,-1,-1,-1,-1,-1,127525,-1,125521,-1,-1,-1,-1,-1,131535,-1,-1,-1,125535,-1,-1,-1,-1,-1,127545,-1,125543,-1,-1,-1,-1,-1,-1,-1,-1,-1,129553,-1,-1,-1,-1,-1,133569,-1,135573,-1,-1,-1,135577,-1,135579,-1,-1,-1,135583,-1,-1,-1,135587,-1,135589,-1,143607,-1,141605,-1,145615,-1,-1,-1,145621,-1,147625,-1
-1,82346,82345,81344,-1,88366,88365,88364,88363,87362,88363,88364,-1,92382,92381,91380,-1,93394,94393,93392,94393,94394,-1,91384,-1,91386,-1,91388,92389,91390,-1,91392,92393,92394,-1,91396,92397,92398,-1,91400,92401,92402,92403,92404,-1,131522,-1,131520,-1,135542,136543,136544,-1,138550,138549,137548,-1,138582,138581,137580,-1,135570,-1,132564,132563,132562,132561,131560,-1,128530,128529,128528,128527,127526,-1,125520,-1,129530,130531,130532,130533,130534,-1,125532,-1,125534,-1,125536,126537,125538,-1,126544,126543,125542,-1,127544,-1,127546,128547,128548,128549,128550,128551,128552,-1,134574,134573,134572,134571,133570,134571,134572,134573,134574,134575,134576,134577,134578,134579,134580,134581,134582,134583,134584,134585,134586,134587,134588,-1,142606,142605,141604,-1,144614,144613,143612,-1,145622,146623,146624,-1
-1,-1,-1,81343,-1,-1,-1,-1,-1,-1,-1,89365,-1,-1,-1,91379,-1,-1,-1,-1,-1,-1,-1,91383,-1,91385,-1,91387,-1,91389,-1,91391,-1,-1,-1,91395,-1,-1,-1,91399,-1,-1,-1,93405,-1,131521,-1,131519,-1,-1,-1,137545,-1,-1,-1,-1,-1,139583,-1,137579,-1,135571,-1,-1,-1,-1,-1,-1,-1,-1,-1,-1,-1,-1,-1,125519,-1,129529,-1,-1,-1,-1,-1,125531,-1,125533,-1,125535,-1,125537,-1,127543,-1,125541,-1,127543,-1,127545,-1,-1,-1,-1,-1,-1,-1,135575,-1,135573,-1,133571,-1,135573,-1,-1,-1,-1,-1,135579,-1,135581,-1,-1,-1,135585,-1,135587,-1,135589,-1,-1,-1,141603,-1,-1,-1,143611,-1,-1,-1,-1,-1
-1,79340,80341,80342,-1,83344,84345,84346,84347,84348,-1,89366,90367,90368,-1,90378,90377,89376,90377,90378,90379,90380,90381,90382,90383,90384,90385,90386,90387,90388,90389,90390,90391,90392,90393,90394,90395,90396,90397,90398,-1,93404,-1,93406,-1,130520,130519,130518,130517,129516,-1,137546,138547,138548,138549,138550,-1,139584,-1,137578,-1,135572,-1,123506,124507,124508,124509,124510,124511,124512,124513,124514,124515,124516,124517,124518,-1,128528,128527,127526,-1,125528,126529,125530,-1,125532,-1,125534,-1,125536,-1,126542,126541,125540,126541,126542,-1,127544,-1,127546,128547,127548,128549,128550,-1,135576,-1,134574,134573,133572,-1,135574,-1,141600,142601,142602,-1,135580,-1,135582,136583,136584,-1,135586,-1,135588,136589,135590,-1,139600,140601,140602,-1,143608,-1,143610,144611,144612,144613,144614,-1
-1,79339,-1,81343,-1,83343,-1,-1,-1,85349,-1,89367,-1,-1,-1,91379,-1,89375,-1,91379,-1,-1,-1,-1,-1,91385,-1,91387,-1,-1,-1,-1,-1,-1,-1,-1,-1,91397,-1,91399,-1,93403,-1,93407,-1,-1,-1,-1,-1,129515,-1,-1,-1,-1,-1,139551,-1,139585,-1,137577,-1,135573,-1,123505,-1,-1,-1,-1,-1,-1,-1,-1,-1,-1,-1,125519,-1,-1,-1,127525,-1,125527,-1,125529,-1,125531,-1,125533,-1,125535,-1,-1,-1,125539,-1,-1,-1,127543,-1,127545,-1,127547,-1,-1,-1,135577,-1,-1,-1,-1,-1,135575,-1,141599,-1,143603,-1,135581,-1,135583,-1,137585,-1,135587,-1,-1,-1,-1,-1,139599,-1,-1,-1,143607,-1,143609,-1,-1,-1,145505,-1
-1,79338,-1,81344,-1,83342,-1,77332,-1,85350,-1,89368,-1,92382,92381,91380,-1,89374,-1,91380,-1,94394,94393,93392,-1,91386,-1,91388,92389,92390,-1,95404,96405,95410,-1,92400,92399,91398,-1,91400,92401,92402,-1,93408,94409,94410,-1,127512,128513,128514,-1,125508,-1,140554,140553,139552,-1,139586,-1,136576,136575,135574,-1,123504,-1,126522,126521,126520,126519,126518,126517,125516,-1,125518,126519,125520,-1,125522,126523,126524,-1,125526,-1,125528,-1,125530,-1,125532,126533,125534,126535,125536,126537,125538,126539,125540,126541,126542,126543,126544,126545,126546,-1,136580,136579,135578,-1,136580,136579,136578,136577,135576,-1,141598,-1,143604,-1,135582,136583,135584,-1,137586,-1,135588,-1,137594,138595,138596,138597,138598,-1,141604,142605,142606,142607,142608,-1,145618,146505,145504,-1
-1,79337,-1,81345,-1,83341,-1,77331,-1,85351,-1,89369,-1,93381,-1,-1,-1,89373,-1,91381,-1,-1,-1,93391,-1,91387,-1,-1,-1,93391,-1,95403,-1,95409,-1,93401,-1,-1,-1,91401,-1,93403,-1,93409,-1,95411,-1,127511,-1,-1,-1,125507,-1,141555,-1,-1,-1,139587,-1,-1,-1,-1,-1,123503,-1,127523,-1,-1,-1,-1,-1,125515,-1,125517,-1,-1,-1,125521,-1,-1,-1,125525,-1,125527,-1,125529,-1,125531,-1,125533,-1,125535,-1,125537,-1,125539,-1,127543,-1,127545,-1,127547,-1,137581,-1,-1,-1,137581,-1,-1,-1,-1,-1,141597,-1,143605,-1,-1,-1,-1,-1,137587,-1,135589,-1,137593,-1,-1,-1,-1,-1,141603,-1,-1,-1,143609,-1,145617,-1,145503,-1
-1,79336,-1,81346,-1,83340,-1,77330,-1,85352,-1,89370,-1,93380,-1,90374,90373,89372,-1,91382,92383,92384,-1,92390,92389,91388,-1,94394,94393,93392,-1,95402,-1,95408,-1,93402,-1,92404,92403,91402,-1,93404,-1,93410,94411,94412,-1,126510,126509,126508,126507,125506,-1,140592,140591,140590,140589,139588,-1,124506,124505,124504,124503,123502,-1,127524,-1,123514,124513,123512,124513,124514,124515,124516,124517,124518,124519,124520,124521,124522,124523,124524,124525,124526,124527,124528,124529,124530,124531,124532,124533,124534,124535,124536,124537,124538,-1,127544,128545,127546,-1,127548,-1,137582,-1,138584,138583,137582,-1,139592,140593,140594,140595,140596,-1,143606,144607,144608,-1,138590,138589,137588,-1,135590,136591,136592,136593,136594,-1,139600,140601,140602,-1,144612,144611,143610,-1,145616,-1,145502,-1
-1,79335,-1,-1,-1,83339,-1,77329,-1,85353,-1,-1,-1,93379,-1,-1,-1,89371,-1,-1,-1,93385,-1,93391,-1,-1,-1,-1,-1,-1,-1,95401,-1,95407,-1,93403,-1,93405,-1,91403,-1,-1,-1,93409,-1,-1,-1,-1,-1,-1,-1,125505,-1,-1,-1,-1,-1,-1,-1,-1,-1,125505,-1,123501,-1,-1,-1,123513,-1,123511,-1,-1,-1,-1,-1,-1,-1,125519,-1,125521,-1,-1,-1,-1,-1,-1,-1,125531,-1,-1,-1,125535,-1,-1,-1,-1,-1,127545,-1,127547,-1,127549,-1,137583,-1,139585,-1,137583,-1,139591,-1,-1,-1,-1,-1,143607,-1,145609,-1,139591,-1,-1,-1,-1,-1,-1,-1,137595,-1,139599,-1,-1,-1,-1,-1,143611,-1,145615,-1,145501,-1
-1,79334,-1,81336,82337,82338,-1,77328,-1,85354,86355,86356,-1,93378,-1,90372,90371,89370,-1,94388,94387,93386,-1,93392,94393,94394,94395,94396,94397,94398,94399,94400,-1,94406,94405,93404,-1,93406,-1,91404,92405,92406,92407,92408,-1,93414,94415,94416,94417,94418,-1,125504,-1,126502,126501,126500,126499,125498,126499,126500,126501,125506,-1,123500,-1,121510,122511,122512,-1,123510,124511,124512,124513,124514,124515,124516,124517,124518,124519,124520,-1,129542,130543,130544,-1,126534,126533,125532,126533,126534,-1,125536,-1,127542,128543,128544,128545,127546,128547,127548,-1,127550,-1,137584,-1,139586,-1,137584,-1,139590,-1,139592,140579,139578,-1,143608,-1,145610,-1,139592,140593,140594,-1,147516,148517,147626,-1,137596,138597,138598,-1,144616,144615,144614,144613,143612,144613,144614,-1,145500,-1
-1,79333,-1,81335,-1,-1,-1,77327,-1,-1,-1,87357,-1,93377,-1,91373,-1,89369,-1,95389,-1,-1,-1,-1,-1,-1,-1,-1,-1,-1,-1,-1,-1,-1,-1,-1,-1,93407,-1,91405,-1,-1,-1,93409,-1,93413,-1,-1,-1,95419,-1,125503,-1,-1,-1,-1,-1,125497,-1,-1,-1,-1,-1,123499,-1,121509,-1,-1,-1,123509,-1,-1,-1,-1,-1,-1,-1,-1,-1,125521,-1,129541,-1,-1,-1,127535,-1,-1,-1,127535,-1,125537,-1,127541,-1,129545,-1,127547,-1,-1,-1,127551,-1,137585,-1,-1,-1,137585,-1,139589,-1,139591,-1,139577,-1,143609,-1,-1,-1,-1,-1,141595,-1,147515,-1,147625,-1,-1,-1,-1,-1,145617,-1,-1,-1,-1,-1,-1,-1,145499,-1
-1,79332,80333,80334,-1,78328,78327,77326,78327,78328,-1,87358,-1,92376,92375,91374,-1,89368,-1,95390,-1,98408,98407,98406,98405,97404,-1,98422,98421,97420,-1,94414,94413,94412,94411,94410,94409,93408,-1,91406,92407,92408,92409,92410,92411,92412,-1,96422,96421,95420,-1,124502,124501,124500,124499,124498,124497,124496,124495,123494,124495,124496,-1,123498,-1,121508,-1,122510,122509,122508,122507,121506,122507,122508,122509,122510,-1,126524,126523,125522,-1,128540,128539,128538,128537,127536,128537,128538,-1,127536,-1,125538,126539,126540,-1,129546,-1,127548,128549,128550,128551,127552,-1,137586,138587,138588,-1,137586,138587,138588,138589,138590,-1,139576,-1,143610,-1,142600,142599,142598,142597,141596,-1,147514,-1,146624,146623,146622,146621,146620,146619,145618,-1,140492,140491,139490,-1,143496,144497,144498,-1
-1,79331,-1,-1,-1,-1,-1,77325,-1,79327,-1,87359,-1,-1,-1,-1,-1,89367,-1,95391,-1,99409,-1,-1,-1,97403,-1,99413,-1,97419,-1,95415,-1,-1,-1,-1,-1,-1,-1,91407,-1,93409,-1,-1,-1,-1,-1,97423,-1,-1,-1,-1,-1,-1,-1,-1,-1,-1,-1,123493,-1,-1,-1,123497,-1,121507,-1,-1,-1,-1,-1,121505,-1,-1,-1,123505,-1,-1,-1,125523,-1,-1,-1,-1,-1,-1,-1,-1,-1,127537,-1,-1,-1,-1,-1,129547,-1,-1,-1,-1,-1,-1,-1,-1,-1,139571,-1,-1,-1,-1,-1,-1,-1,139575,-1,143611,-1,143601,-1,-1,-1,-1,-1,147513,-1,-1,-1,147623,-1,-1,-1,-1,-1,-1,-1,139489,-1,143495,-1,-1,-1
-1,78330,78329,78328,78327,78326,78325,77324,-1,79326,-1,87360,88361,88362,88363,88364,88365,88366,-1,95392,-1,99410,100411,100412,-1,97402,-1,99412,-1,96418,96417,95416,-1,95418,-1,92412,92411,92410,92409,91408,-1,93410,94411,94412,-1,98426,98425,97424,98425,98426,98427,98428,-1,117482,118483,118484,-1,121490,122491,122492,122493,122494,122495,122496,-1,120506,120505,120504,120503,119502,120503,120504,-1,117498,-1,122504,122503,121502,-1,125524,126525,126526,-1,129532,130533,130534,130535,130536,-1,127538,128539,128540,128541,128542,-1,129548,130549,130550,-1,133556,134557,134558,134559,134560,-1,138570,138569,137568,138569,138570,138571,138572,138573,138574,-1,143612,144603,143602,144603,144604,144605,144606,-1,147512,-1,148626,148625,147624,-1,146502,146501,146500,146499,145498,-1,139488,-1,142494,142493,141492,-1
-1,-1,-1,-1,-1,-1,-1,77323,-1,79325,-1,-1,-1,-1,-1,-1,-1,-1,-1,95393,-1,-1,-1,-1,-1,97401,-1,99411,-1,-1,-1,-1,-1,95417,-1,93413,-1,93411,-1,-1,-1,-1,-1,95413,-1,99427,-1,-1,-1,99427,-1,-1,-1,117481,-1,119485,-1,121489,-1,-1,-1,-1,-1,-1,-1,-1,-1,-1,-1,119501,-1,-1,-1,117497,-1,-1,-1,121501,-1,-1,-1,127527,-1,129531,-1,-1,-1,131537,-1,-1,-1,129541,-1,129543,-1,129549,-1,131551,-1,133555,-1,135559,-1,-1,-1,-1,-1,137567,-1,-1,-1,-1,-1,139575,-1,-1,-1,-1,-1,-1,-1,145607,-1,147511,-1,149627,-1,-1,-1,147503,-1,-1,-1,145497,-1,139487,-1,-1,-1,141491,-1
-1,79320,80321,79326,-1,78324,78323,77322,-1,79324,80325,80326,80327,80328,80329,80330,-1,81332,-1,95394,96395,96396,96397,96398,96399,96400,-1,99410,-1,94420,94419,94418,94417,94416,94415,93414,94413,93412,94413,94414,94415,94416,-1,95414,-1,99428,100429,100430,-1,99428,100429,100430,-1,117480,-1,119486,120487,120488,-1,115482,116483,116484,-1,120494,120493,119492,120493,120494,-1,118500,118499,118498,118497,117496,-1,119498,120499,120500,-1,128530,128529,127528,128529,128530,-1,132540,132539,131538,132539,132540,-1,129542,-1,129544,-1,129550,-1,131552,132553,132554,-1,135560,136561,136562,136563,136564,136565,136566,-1,140580,140579,140578,140577,139576,140577,140578,140579,140580,-1,146610,146609,145608,-1,147510,-1,149628,150629,150630,-1,147504,-1,143494,144495,144496,-1,139486,140487,140488,140489,140490,-1
-1,79319,-1,79325,-1,79323,-1,77321,-1,79323,-1,-1,-1,-1,-1,81331,-1,81331,-1,95395,-1,97397,-1,-1,-1,-1,-1,99409,-1,95421,-1,-1,-1,-1,-1,-1,-1,93413,-1,-1,-1,95417,-1,95415,-1,99429,-1,-1,-1,99429,-1,101431,-1,117479,-1,-1,-1,-1,-1,115481,-1,117485,-1,-1,-1,119491,-1,121495,-1,119501,-1,-1,-1,117495,-1,119497,-1,-1,-1,129531,-1,127529,-1,-1,-1,-1,-1,-1,-1,133541,-1,-1,-1,129545,-1,-1,-1,-1,-1,133555,-1,-1,-1,-1,-1,-1,-1,-1,-1,141581,-1,141579,-1,-1,-1,-1,-1,141581,-1,147611,-1,-1,-1,147509,-1,149629,-1,-1,-1,147505,-1,143493,-1,-1,-1,139485,-1,-1,-1,-1,-1
-1,79318,-1,79324,-1,79322,-1,77320,78321,78322,78323,78324,78325,78326,-1,81332,82331,81330,-1,95396,-1,97398,98399,98400,98401,98402,-1,99408,-1,95422,96423,96424,-1,94418,94417,94416,94415,93414,-1,96420,96419,95418,-1,95416,-1,99430,-1,100432,100431,99430,-1,101432,-1,117478,118479,118480,-1,113478,114479,114480,-1,117486,118487,118488,118489,118490,-1,121496,-1,119502,-1,118496,118495,117494,-1,119496,-1,128534,128533,128532,128531,127530,-1,131544,132545,132546,132547,132548,-1,132558,132557,131556,-1,129546,-1,141576,142577,142578,-1,133556,134557,134558,134559,134560,-1,142586,142585,142584,142583,141582,-1,141580,-1,142586,142585,142584,142583,141582,-1,147612,148613,148614,-1,147508,-1,149630,-1,148508,148507,147506,-1,142492,142491,141490,-1,138484,138483,137482,138483,138484,-1
-1,79317,-1,79323,-1,79321,-1,77319,-1,79321,-1,79323,-1,-1,-1,-1,-1,81329,-1,95397,-1,97399,-1,-1,-1,99403,-1,99407,-1,-1,-1,97423,-1,95419,-1,-1,-1,-1,-1,97421,-1,-1,-1,95417,-1,-1,-1,101433,-1,-1,-1,101433,-1,117477,-1,119479,-1,113477,-1,-1,-1,-1,-1,-1,-1,-1,-1,121497,-1,-1,-1,119497,-1,117493,-1,119495,-1,-1,-1,129533,-1,-1,-1,131543,-1,-1,-1,133549,-1,-1,-1,131555,-1,129547,-1,141575,-1,143579,-1,-1,-1,135559,-1,-1,-1,143587,-1,-1,-1,-1,-1,141581,-1,143587,-1,143585,-1,-1,-1,-1,-1,-1,-1,147507,-1,-1,-1,149509,-1,-1,-1,-1,-1,141489,-1,-1,-1,137481,-1,139485,-1
-1,79316,-1,79322,-1,78320,78319,77318,78319,78320,-1,79322,80323,80324,80325,80326,80327,80328,-1,95398,-1,97400,98401,98402,98403,98404,98405,98406,98407,98408,-1,96422,96421,95420,-1,100434,100433,99432,-1,97422,-1,96420,96419,95418,-1,102436,102435,101434,-1,102436,102435,101434,-1,117476,118477,118478,-1,112476,112475,111474,-1,112480,112479,112478,112477,111476,-1,120502,120501,120500,120499,119498,-1,117492,118493,118494,118495,118496,-1,129534,130535,130536,-1,131542,-1,129540,-1,133550,-1,132556,132555,131554,-1,129548,-1,141574,-1,143580,-1,136562,136561,135560,-1,144590,144589,143588,144589,144590,144591,144592,-1,141582,-1,143588,144587,143586,-1,145592,146507,146506,146505,145504,-1,146506,146505,145504,-1,149510,-1,147512,148513,148514,-1,141488,-1,138482,138481,137480,-1,139486,-1
-1,79315,-1,79321,-1,-1,-1,77317,-1,79319,-1,79321,-1,-1,-1,-1,-1,-1,-1,95399,-1,97401,-1,-1,-1,-1,-1,-1,-1,99409,-1,-1,-1,-1,-1,101417,-1,99431,-1,97423,-1,97421,-1,95419,-1,103437,-1,-1,-1,103437,-1,101435,-1,117475,-1,-1,-1,-1,-1,111473,-1,-1,-1,-1,-1,111475,-1,-1,-1,-1,-1,-1,-1,117491,-1,-1,-1,119497,-1,129535,-1,131537,-1,131541,-1,129539,-1,133551,-1,-1,-1,131553,-1,129549,-1,141573,-1,143581,-1,137563,-1,-1,-1,145591,-1,-1,-1,-1,-1,-1,-1,141583,-1,-1,-1,143587,-1,145591,-1,-1,-1,145503,-1,-1,-1,145503,-1,149511,-1,147511,-1,-1,-1,141487,-1,139481,-1,137479,-1,-1,-1
-1,79314,-1,78320,78319,78318,78317,77316,-1,79318,-1,79320,80321,80322,80323,80324,-1,83330,-1,95400,-1,97402,-1,101420,102421,102422,102423,101424,-1,99410,100411,100412,100413,100414,100415,100416,-1,99430,-1,97424,-1,97422,-1,95420,-1,103438,-1,104440,104439,103438,-1,101436,-1,116474,116473,116472,116471,115470,-1,110472,110471,109470,110471,110472,110473,110474,-1,113480,114481,114482,114483,114484,-1,117490,-1,115500,-1,119498,-1,129536,130537,130538,-1,130540,130539,129538,-1,133552,134553,134554,-1,130552,130551,129550,-1,141572,-1,143582,-1,137564,138565,138566,-1,145592,-1,147598,-1,146596,146595,145594,-1,141584,142585,142586,-1,143588,144589,144590,-1,141496,-1,144502,144501,143500,144501,144502,-1,148512,148511,147510,-1,139484,140485,140486,-1,139480,-1,137478,138479,138480,-1
-1,79313,-1,-1,-1,-1,-1,77315,-1,79317,-1,79319,-1,-1,-1,81325,-1,83329,-1,95401,-1,-1,-1,101419,-1,-1,-1,101423,-1,-1,-1,-1,-1,-1,-1,-1,-1,99429,-1,-1,-1,97423,-1,95421,-1,103439,-1,105441,-1,-1,-1,101437,-1,-1,-1,-1,-1,115469,-1,-1,-1,109469,-1,111473,-1,111475,-1,113479,-1,115483,-1,-1,-1,117489,-1,115499,-1,119499,-1,-1,-1,131539,-1,-1,-1,129537,-1,-1,-1,135555,-1,131553,-1,-1,-1,141571,-1,143583,-1,-1,-1,139567,-1,145593,-1,147597,-1,147597,-1,145593,-1,-1,-1,143587,-1,-1,-1,-1,-1,141495,-1,-1,-1,143499,-1,145503,-1,-1,-1,147509,-1,139483,-1,-1,-1,139479,-1,137477,-1,139479,-1
-1,78312,78311,77310,-1,78316,78315,77314,78315,78316,-1,79318,-1,82328,82327,81326,82327,82328,-1,95402,-1,99416,100417,100418,100419,100420,-1,101422,-1,111452,112453,112454,-1,98432,98431,98430,98429,98428,98427,98426,98425,97424,-1,95422,-1,103440,-1,105442,106443,106444,-1,101438,-1,103444,104445,104446,-1,114468,114467,113466,-1,109468,-1,111474,112475,111476,112477,112478,-1,115484,116485,116486,116487,116488,-1,115498,-1,119500,-1,132542,132541,131540,-1,127534,128535,128536,-1,123530,-1,135556,-1,131554,-1,139568,140569,140570,-1,143584,144585,144586,-1,139568,-1,145594,146595,146596,-1,147598,-1,144592,144591,144590,144589,143588,-1,142498,142497,142496,142495,141494,142495,142496,142497,142498,-1,145504,146505,146506,146507,146508,-1,138482,138481,138480,138479,138478,138477,137476,-1,139478,-1
-1,79311,-1,77309,-1,79311,-1,77313,-1,79315,-1,79317,-1,-1,-1,81327,-1,-1,-1,95403,-1,99415,-1,-1,-1,-1,-1,101421,-1,111451,-1,113455,-1,-1,-1,-1,-1,-1,-1,-1,-1,-1,-1,95423,-1,103441,-1,-1,-1,107445,-1,101439,-1,103443,-1,105447,-1,-1,-1,113465,-1,109467,-1,111475,-1,-1,-1,-1,-1,-1,-1,-1,-1,-1,-1,115497,-1,119501,-1,133543,-1,-1,-1,127533,-1,-1,-1,123529,-1,135557,-1,-1,-1,139567,-1,-1,-1,-1,-1,145587,-1,-1,-1,-1,-1,147597,-1,147599,-1,145593,-1,-1,-1,-1,-1,-1,-1,-1,-1,141493,-1,-1,-1,-1,-1,-1,-1,-1,-1,-1,-1,-1,-1,-1,-1,-1,-1,137475,-1,139477,-1
-1,79310,-1,77308,78309,78310,-1,77312,78313,78314,78315,78316,78317,78318,-1,81328,-1,96406,96405,95404,-1,99414,-1,99416,100417,100418,100419,100420,-1,111450,-1,113456,-1,115462,116463,116464,116465,116466,-1,96428,96427,96426,96425,95424,-1,103442,104443,103444,-1,107446,-1,101440,102441,102442,-1,105448,-1,111462,112463,112464,-1,109466,-1,111476,-1,114486,114485,113484,114485,113490,-1,114496,114495,113494,114495,114496,-1,119502,-1,133544,134545,134546,-1,126532,126531,125530,-1,123528,-1,135558,136559,136560,-1,139566,-1,139568,140569,140570,-1,145588,146589,146590,146591,146592,-1,147598,-1,147600,-1,145594,-1,163652,164531,163530,-1,160524,160523,159522,-1,140492,140491,140490,140489,139488,-1,139486,140487,140488,140489,140490,140489,140488,140487,140486,140485,139484,-1,137474,138475,138476,-1
-1,79309,-1,77307,-1,-1,-1,77311,-1,79315,-1,79317,-1,79319,-1,81329,-1,97407,-1,-1,-1,99413,-1,99415,-1,101419,-1,-1,-1,111449,-1,113457,-1,115461,-1,-1,-1,117467,-1,97429,-1,-1,-1,-1,-1,-1,-1,103443,-1,107447,-1,-1,-1,-1,-1,105449,-1,111461,-1,-1,-1,109465,-1,111477,-1,-1,-1,113483,-1,113489,-1,115497,-1,113493,-1,115497,-1,119503,-1,-1,-1,135547,-1,-1,-1,125529,-1,123527,-1,-1,-1,137561,-1,139565,-1,139567,-1,141571,-1,-1,-1,147591,-1,-1,-1,147599,-1,147601,-1,-1,-1,163651,-1,163529,-1,161525,-1,159521,-1,-1,-1,-1,-1,139487,-1,139485,-1,-1,-1,-1,-1,-1,-1,-1,-1,139483,-1,137473,-1,139477,-1
-1,78308,78307,77306,-1,75308,76309,76310,-1,79316,-1,79318,80319,79320,-1,81330,-1,97408,98409,98410,98411,98412,98413,98414,-1,101420,-1,109446,110447,110448,-1,113458,114459,114460,-1,73306,-1,117468,-1,97430,98431,98432,-1,102442,102441,101440,102441,102442,-1,107448,108449,108450,108451,108452,-1,105450,-1,111460,-1,110466,110465,109464,-1,111478,112479,112480,112481,112482,-1,113488,-1,115498,-1,113492,-1,115498,-1,119504,120505,120506,-1,135548,136549,136550,-1,124528,124527,123526,-1,138564,138563,137562,138563,138564,138565,138566,-1,141572,-1,129538,-1,147592,148593,148594,148595,147600,-1,147602,-1,161648,162649,162650,-1,162528,162527,161526,-1,158520,158519,157518,-1,137488,-1,138486,138485,138484,138483,138482,138481,137480,-1,137478,138479,138480,138481,138482,-1,137472,-1,139478,-1
-1,-1,-1,77305,-1,75307,-1,77311,-1,-1,-1,79319,-1,-1,-1,-1,-1,-1,-1,-1,-1,-1,-1,-1,-1,101421,-1,109445,-1,-1,-1,-1,-1,-1,-1,73305,-1,117469,-1,-1,-1,99433,-1,-1,-1,101439,-1,103443,-1,-1,-1,-1,-1,109453,-1,-1,-1,111459,-1,-1,-1,109463,-1,111479,-1,-1,-1,-1,-1,113487,-1,-1,-1,113491,-1,-1,-1,-1,-1,121507,-1,-1,-1,137551,-1,-1,-1,123525,-1,139565,-1,137563,-1,-1,-1,-1,-1,141573,-1,129537,-1,-1,-1,-1,-1,-1,-1,147603,-1,161647,-1,-1,-1,-1,-1,-1,-1,-1,-1,157517,-1,137487,-1,-1,-1,-1,-1,-1,-1,137479,-1,137477,-1,-1,-1,-1,-1,137471,-1,-1,-1
-1,75302,-1,77304,-1,75306,-1,77312,78313,78314,-1,79320,80321,80322,80323,80324,80325,80326,-1,82328,82327,81326,-1,102424,102423,101422,-1,109444,-1,72302,72301,71300,72301,72302,72303,72304,-1,117470,118471,118472,-1,99434,100435,100436,100437,100438,-1,103444,104445,104446,104447,104448,-1,109454,110455,110456,110457,110458,-1,107460,108461,108462,-1,111480,112481,112482,112483,112484,112485,112486,112487,112488,112489,112490,-1,122512,122511,122510,122509,121508,-1,139558,-1,137552,-1,121522,122523,122524,-1,139566,-1,137564,138565,138566,-1,141576,142575,141574,-1,129536,130537,130538,-1,148608,148607,148606,148605,147604,-1,161646,-1,156636,156635,156634,156633,155632,-1,155514,156515,156516,-1,136486,136485,136484,136483,136482,136481,136480,136479,136478,136477,136476,136475,136474,136473,136472,136471,136470,136469,135468,-1
-1,75301,-1,77303,-1,75305,-1,77313,-1,79315,-1,79321,-1,-1,-1,-1,-1,81327,-1,83329,-1,81325,-1,103425,-1,101423,-1,109443,-1,-1,-1,71299,-1,73303,-1,73305,-1,-1,-1,119473,-1,-1,-1,-1,-1,-1,-1,-1,-1,105447,-1,105449,-1,-1,-1,-1,-1,-1,-1,107459,-1,-1,-1,111481,-1,-1,-1,-1,-1,-1,-1,-1,-1,-1,-1,123513,-1,-1,-1,-1,-1,139557,-1,137553,-1,121521,-1,-1,-1,139567,-1,-1,-1,-1,-1,141575,-1,-1,-1,129535,-1,131539,-1,149609,-1,-1,-1,-1,-1,161645,-1,-1,-1,157635,-1,155631,-1,155513,-1,157517,-1,-1,-1,-1,-1,-1,-1,137481,-1,-1,-1,137477,-1,137475,-1,-1,-1,137469,-1,135467,-1
-1,75300,-1,77302,-1,75304,-1,77314,78315,78316,-1,79322,80323,80324,80325,80326,-1,81328,82329,82330,-1,81324,-1,103426,-1,101424,-1,108442,108441,107440,-1,71298,-1,73304,74305,73306,-1,75312,-1,119474,120475,120476,-1,123482,124483,124484,124485,124486,-1,105448,-1,105450,106451,106452,106453,106454,106455,106456,106457,106458,-1,112484,112483,111482,112481,111480,112481,112482,-1,130532,130531,129530,-1,124516,124515,123514,-1,138560,138559,138558,138557,138556,138555,137554,-1,121520,-1,123522,-1,139568,140569,140570,140571,140572,140573,140574,-1,127532,128533,128534,-1,131540,-1,149610,150611,150612,150613,150614,-1,160644,160643,159642,-1,157636,-1,155630,-1,155512,-1,157518,-1,150496,150495,150494,150493,149492,-1,137482,138483,138484,-1,137478,-1,137476,-1,138470,138469,137468,-1,135466,-1
-1,75299,-1,77301,-1,75303,-1,77315,-1,-1,-1,79323,-1,-1,-1,81327,-1,81329,-1,-1,-1,81323,-1,103427,-1,-1,-1,-1,-1,107439,-1,71297,-1,73305,-1,73307,-1,75311,-1,-1,-1,121477,-1,123481,-1,125485,-1,125487,-1,105449,-1,-1,-1,-1,-1,-1,-1,107457,-1,-1,-1,-1,-1,-1,-1,111479,-1,-1,-1,131533,-1,129529,-1,125517,-1,-1,-1,139561,-1,139559,-1,-1,-1,-1,-1,121519,-1,123521,-1,-1,-1,-1,-1,-1,-1,-1,-1,127531,-1,-1,-1,131541,-1,-1,-1,-1,-1,151615,-1,-1,-1,159641,-1,157637,-1,155629,-1,155511,-1,157519,-1,151497,-1,-1,-1,149491,-1,-1,-1,139471,-1,137479,-1,137477,-1,139469,-1,137467,-1,135465,-1
-1,75298,-1,77300,-1,75302,-1,77316,-1,80326,80325,79324,-1,82330,82329,81328,-1,81330,-1,82324,82323,81322,-1,103428,104429,104430,104431,104432,-1,107438,-1,71296,-1,73306,-1,73308,74309,74310,74311,74312,-1,121478,122479,122480,-1,125486,-1,125488,-1,105450,106451,106452,106453,106454,106455,106456,-1,107458,108459,108460,108461,108462,108463,108464,-1,111478,-1,129544,130545,130546,-1,129528,-1,125518,126519,126520,-1,139562,140561,139560,-1,141566,142567,142568,-1,121518,122519,122520,122521,122522,122523,122524,122525,122526,-1,125528,126529,126530,-1,135556,-1,131542,-1,136556,136555,135554,-1,151616,152617,152618,-1,158640,158639,157638,-1,155628,-1,155510,-1,157520,-1,151498,152499,152500,-1,149490,-1,137468,138469,138470,-1,137480,138479,137478,-1,138468,138467,137466,-1,135464,-1
-1,75297,-1,77299,-1,75301,-1,77317,-1,-1,-1,79323,-1,83331,-1,-1,-1,81331,-1,83325,-1,81321,-1,-1,-1,-1,-1,105433,-1,107437,-1,71295,-1,73307,-1,-1,-1,-1,-1,-1,-1,-1,-1,-1,-1,125487,-1,125489,-1,-1,-1,-1,-1,-1,-1,107457,-1,107459,-1,-1,-1,-1,-1,109465,-1,111477,-1,129543,-1,-1,-1,129527,-1,-1,-1,127521,-1,139563,-1,139561,-1,141565,-1,-1,-1,121517,-1,-1,-1,-1,-1,-1,-1,123521,-1,125527,-1,-1,-1,135555,-1,131543,-1,-1,-1,135553,-1,-1,-1,153619,-1,-1,-1,-1,-1,155627,-1,155509,-1,-1,-1,151499,-1,-1,-1,149489,-1,137467,-1,-1,-1,137481,-1,137479,-1,-1,-1,137465,-1,135463,-1
-1,75296,76297,76298,-1,75300,-1,77318,78319,78320,78321,78322,-1,83332,-1,82334,82333,81332,-1,83326,-1,80320,80319,79318,-1,79316,-1,105434,106435,106436,-1,71294,-1,73308,74299,74298,74297,73296,74297,74298,74299,74300,74301,74302,-1,125488,-1,125490,126491,126492,126493,126494,-1,129500,-1,107458,-1,107460,108461,108462,-1,111472,-1,109466,-1,111476,-1,128542,128541,127540,-1,128526,128525,128524,128523,127522,-1,139564,140563,139562,140563,140564,-1,120518,120517,120516,120515,120514,120513,119512,-1,121518,122519,122520,-1,124526,124525,123524,-1,135554,-1,131544,132545,132546,-1,135552,136553,136554,-1,153620,154621,154622,154623,154624,154625,154626,-1,154508,154507,153506,-1,151500,-1,147486,148487,148488,-1,137466,-1,138484,138483,137482,-1,137480,138481,138482,-1,136464,136463,135462,-1
-1,75295,-1,-1,-1,75299,-1,-1,-1,-1,-1,-1,-1,83333,-1,-1,-1,-1,-1,83327,-1,-1,-1,79317,-1,79315,-1,-1,-1,-1,-1,71293,-1,-1,-1,-1,-1,73295,-1,-1,-1,-1,-1,75303,-1,125489,-1,-1,-1,-1,-1,127495,-1,129499,-1,107459,-1,-1,-1,109463,-1,111471,-1,109467,-1,111475,-1,-1,-1,127539,-1,-1,-1,-1,-1,127523,-1,-1,-1,-1,-1,-1,-1,121519,-1,-1,-1,-1,-1,119511,-1,121517,-1,-1,-1,-1,-1,123523,-1,135553,-1,-1,-1,133547,-1,135551,-1,-1,-1,-1,-1,-1,-1,-1,-1,-1,-1,155509,-1,153505,-1,151501,-1,147485,-1,-1,-1,137465,-1,139467,-1,-1,-1,-1,-1,139469,-1,137465,-1,135461,-1
-1,74294,74293,73292,-1,74298,74297,74296,74295,73294,-1,84336,84335,83334,-1,84332,84331,84330,84329,83328,-1,67278,-1,78316,78315,78314,78313,77312,-1,71294,-1,71292,72291,71290,72291,72292,72293,72294,-1,75260,76261,76262,76263,75304,-1,125490,-1,132512,132511,131510,-1,127496,128497,128498,-1,107460,-1,110466,110465,109464,-1,111470,-1,109468,-1,111474,112475,112476,-1,126538,126537,126536,126535,125534,-1,127524,-1,122526,122525,122524,122523,122522,122521,121520,122521,122522,-1,117508,118509,118510,-1,121516,-1,121518,122519,122520,122521,122522,-1,134552,134551,134550,134549,133548,134549,134550,-1,134468,134467,134466,134465,134464,134463,134462,134461,133460,-1,155510,-1,152504,152503,151502,-1,146484,146483,145482,-1,137464,138465,138466,-1,138472,138471,138470,138469,138468,138467,137466,-1,135460,-1
-1,-1,-1,73291,-1,75299,-1,-1,-1,73293,-1,85337,-1,-1,-1,85333,-1,-1,-1,-1,-1,67277,-1,-1,-1,-1,-1,77311,-1,71293,-1,71291,-1,71289,-1,-1,-1,-1,-1,75259,-1,-1,-1,-1,-1,125491,-1,-1,-1,131509,-1,-1,-1,129499,-1,107461,-1,-1,-1,109465,-1,111469,-1,109469,-1,111473,-1,-1,-1,-1,-1,-1,-1,125533,-1,-1,-1,123527,-1,-1,-1,-1,-1,-1,-1,-1,-1,117507,-1,-1,-1,121515,-1,121517,-1,-1,-1,-1,-1,-1,-1,-1,-1,-1,-1,135551,-1,135469,-1,-1,-1,-1,-1,-1,-1,133459,-1,-1,-1,-1,-1,151503,-1,-1,-1,145481,-1,137463,-1,-1,-1,-1,-1,-1,-1,-1,-1,137467,-1,135459,-1
-1,71288,72289,72290,-1,75300,76301,76302,-1,73292,-1,85338,86339,86340,-1,85334,86335,86336,-1,66278,66277,66276,66275,65274,-1,75308,76309,76310,-1,71292,-1,71290,-1,70288,70287,69286,-1,73256,74257,74258,-1,126496,126495,126494,126493,125492,-1,129506,130507,130508,-1,130502,130501,129500,-1,107462,108463,108464,-1,109466,110467,110468,-1,109470,110471,110472,110473,110474,110475,110476,110477,110478,-1,124532,124531,124530,124529,123528,-1,115498,116499,116500,116501,116502,116503,116504,116505,116506,-1,119512,120513,120514,120515,120516,-1,140494,140493,140492,140491,140490,140489,140488,140487,139486,-1,135552,136471,135470,-1,129436,130437,130438,130439,130440,-1,133458,-1,139464,140465,140466,-1,151504,152505,152506,-1,145480,-1,137462,-1,134456,134455,134454,134453,133452,-1,138470,138469,137468,-1,135458,-1
-1,71287,-1,-1,-1,-1,-1,77303,-1,73291,-1,-1,-1,87341,-1,-1,-1,87337,-1,67279,-1,67275,-1,65273,-1,75307,-1,-1,-1,71291,-1,71289,-1,-1,-1,69285,-1,73255,-1,-1,-1,127497,-1,-1,-1,-1,-1,129505,-1,131509,-1,131503,-1,-1,-1,107463,-1,109465,-1,-1,-1,111469,-1,-1,-1,-1,-1,-1,-1,-1,-1,111479,-1,-1,-1,-1,-1,-1,-1,115497,-1,-1,-1,117503,-1,117505,-1,-1,-1,119511,-1,-1,-1,-1,-1,141495,-1,-1,-1,-1,-1,-1,-1,139485,-1,-1,-1,135471,-1,129435,-1,-1,-1,131441,-1,133457,-1,139463,-1,141467,-1,-1,-1,-1,-1,145479,-1,137461,-1,135457,-1,-1,-1,133451,-1,-1,-1,137469,-1,135457,-1
-1,70286,70285,70284,70283,69282,-1,77304,-1,73290,-1,88344,88343,87342,88341,88340,88339,87338,-1,67280,-1,66274,66273,65272,-1,75306,-1,70292,70291,70290,70289,70288,70287,70286,70285,69284,-1,72254,72253,71252,-1,127498,128499,128500,128501,128502,128503,128504,-1,131510,-1,131504,132505,131514,-1,107464,108465,108466,-1,112472,112471,111470,-1,112488,112487,112486,112485,112484,112483,112482,112481,111480,-1,114494,114493,113492,114493,114494,114495,114496,114497,114498,-1,117504,-1,117506,118507,118508,118509,118510,-1,142500,142499,142498,142497,141496,-1,143494,-1,140492,140491,139490,-1,138484,138483,137482,-1,135472,-1,128434,128433,127432,-1,131442,-1,133456,-1,139462,-1,141468,-1,143474,144475,144476,144477,144478,-1,136460,136459,135458,-1,137460,-1,132450,132449,131448,-1,137470,-1,135456,-1
-1,-1,-1,-1,-1,69281,-1,-1,-1,73289,-1,-1,-1,-1,-1,-1,-1,-1,-1,67281,-1,-1,-1,65271,-1,75305,-1,-1,-1,71291,-1,-1,-1,-1,-1,69283,-1,73255,-1,71251,-1,127499,-1,129501,-1,129503,-1,-1,-1,-1,-1,-1,-1,131513,-1,107465,-1,-1,-1,-1,-1,111471,-1,113475,-1,113487,-1,113485,-1,-1,-1,111481,-1,-1,-1,113491,-1,-1,-1,-1,-1,115499,-1,117505,-1,-1,-1,119509,-1,119511,-1,143491,-1,-1,-1,-1,-1,143493,-1,141493,-1,139489,-1,-1,-1,137481,-1,135473,-1,129435,-1,127431,-1,131443,-1,133455,-1,139461,-1,141469,-1,143473,-1,-1,-1,-1,-1,-1,-1,-1,-1,137459,-1,-1,-1,131447,-1,137471,-1,135455,-1
-1,67276,68277,68278,68279,68280,-1,71286,72287,72288,-1,68278,68277,68276,68275,68274,68273,67272,-1,67282,68283,68284,-1,65270,-1,75304,-1,72294,72293,71292,-1,70286,70285,70284,70283,69282,-1,73256,-1,71250,-1,127500,-1,129502,-1,129504,130505,130506,130507,130508,130509,130510,130511,130512,-1,107466,108467,108468,108469,108470,-1,111472,112473,112474,-1,113488,114487,113486,114487,114488,-1,111482,112483,112484,-1,113490,114491,114492,-1,116502,116501,115500,-1,117506,118507,118508,118509,118510,118511,118512,-1,143490,-1,141488,142489,142490,142491,142492,142493,141494,-1,139488,140489,140490,-1,137480,-1,135474,-1,129436,-1,127430,-1,131444,-1,133454,-1,139460,-1,141470,142471,142472,-1,136458,136457,136456,136455,135454,136455,136456,136457,136458,136459,136460,-1,131446,-1,137472,-1,135454,-1
-1,67275,-1,-1,-1,-1,-1,71285,-1,-1,-1,69279,-1,-1,-1,-1,-1,67271,-1,-1,-1,-1,-1,65269,-1,75303,-1,73295,-1,71293,-1,71287,-1,-1,-1,69281,-1,-1,-1,71249,-1,127501,-1,-1,-1,-1,-1,131507,-1,-1,-1,-1,-1,-1,-1,-1,-1,-1,-1,109471,-1,-1,-1,-1,-1,-1,-1,113487,-1,115489,-1,111483,-1,113485,-1,113489,-1,115493,-1,-1,-1,-1,-1,117507,-1,-1,-1,-1,-1,-1,-1,143489,-1,141487,-1,-1,-1,-1,-1,141495,-1,139487,-1,-1,-1,137479,-1,135475,-1,129437,-1,127429,-1,131445,-1,133453,-1,139459,-1,-1,-1,-1,-1,-1,-1,137457,-1,135453,-1,-1,-1,-1,-1,137461,-1,131445,-1,-1,-1,135453,-1
-1,66274,66273,66272,66271,65270,-1,70284,70283,70282,70281,69280,-1,61262,62263,62264,-1,66270,66269,65268,-1,63266,64267,64268,-1,75302,-1,73296,-1,71294,72289,71288,-1,67278,68279,68280,-1,69246,70247,70248,-1,127502,-1,129508,130509,129538,-1,131508,132509,132510,-1,136520,136519,135518,-1,110476,110475,110474,110473,109472,-1,113486,114487,114488,114489,114490,-1,113488,-1,115490,-1,111484,112485,112486,112487,112488,-1,115494,116495,116496,-1,118510,118509,117508,-1,92326,92325,92324,92323,91322,-1,142488,142487,141486,-1,138480,138479,137478,-1,141496,-1,138486,138485,137484,-1,136478,136477,135476,-1,129438,-1,127428,-1,131446,-1,133452,-1,138458,138457,138456,138455,138454,138453,137452,-1,137458,-1,135452,-1,138466,138465,138464,138463,137462,-1,131444,-1,133450,134451,134452,-1
-1,-1,-1,-1,-1,65269,-1,-1,-1,-1,-1,-1,-1,61261,-1,63265,-1,67271,-1,65267,-1,63265,-1,65269,-1,75301,-1,73297,-1,-1,-1,-1,-1,67277,-1,-1,-1,69245,-1,-1,-1,127503,-1,129507,-1,129537,-1,-1,-1,133511,-1,-1,-1,135517,-1,111477,-1,-1,-1,-1,-1,113485,-1,-1,-1,115491,-1,113489,-1,115491,-1,-1,-1,-1,-1,-1,-1,-1,-1,117497,-1,119505,-1,117509,-1,93327,-1,-1,-1,91321,-1,-1,-1,141485,-1,139481,-1,137477,-1,-1,-1,-1,-1,137483,-1,-1,-1,135477,-1,129439,-1,127427,-1,131447,-1,133451,-1,-1,-1,-1,-1,-1,-1,137451,-1,-1,-1,135451,-1,-1,-1,-1,-1,137463,-1,131443,-1,133449,-1,-1,-1
-1,61260,62261,62262,-1,65268,-1,59254,60255,60256,60257,60258,60259,60260,-1,63266,-1,67272,-1,65266,-1,63264,-1,65270,-1,74300,74299,73298,-1,65272,66273,66274,66275,66276,-1,71258,-1,68244,68243,67242,-1,127504,128505,128506,-1,129536,-1,134514,134513,133512,134513,134514,134515,134516,-1,111478,112479,112480,112481,112482,112483,112484,-1,116494,116493,115492,-1,113490,-1,115492,-1,73258,74259,74260,74261,74262,74263,74264,-1,117498,-1,119504,-1,117510,-1,93328,94329,93330,-1,90320,90319,89318,-1,140484,140483,139482,-1,137476,-1,136486,136485,136484,136483,136482,136481,136480,136479,135478,-1,129440,-1,127426,-1,131448,132449,132450,-1,135460,136461,136462,136463,136464,-1,136450,136449,135448,-1,134450,134449,134448,134447,133446,-1,137464,-1,131442,-1,132448,132447,131446,-1
-1,61259,-1,63263,-1,65267,-1,59253,-1,-1,-1,-1,-1,-1,-1,63265,-1,-1,-1,65265,-1,63263,-1,-1,-1,-1,-1,-1,-1,65271,-1,67273,-1,-1,-1,71257,-1,69245,-1,67241,-1,-1,-1,-1,-1,129535,-1,-1,-1,-1,-1,-1,-1,-1,-1,-1,-1,-1,-1,-1,-1,-1,-1,117495,-1,-1,-1,-1,-1,115493,-1,73257,-1,-1,-1,-1,-1,75263,-1,117499,-1,119503,-1,117511,-1,-1,-1,93329,-1,-1,-1,89317,-1,-1,-1,139483,-1,137475,-1,137487,-1,-1,-1,-1,-1,137481,-1,-1,-1,129441,-1,127425,-1,-1,-1,133451,-1,135459,-1,-1,-1,137465,-1,137451,-1,135447,-1,135451,-1,-1,-1,133445,-1,137465,-1,131441,-1,-1,-1,131445,-1
-1,61258,-1,63264,64265,64266,-1,59252,-1,61254,62255,61256,-1,62266,62265,62264,62263,61262,-1,65264,-1,62262,62261,61260,62261,62262,62263,62264,-1,65270,66271,66272,-1,72258,72257,71256,-1,69246,-1,67240,68241,68242,68243,68244,-1,129534,-1,126528,126527,126526,126525,126524,126523,126522,126521,125520,-1,122514,122513,121512,122513,122514,-1,116500,116499,116498,116497,116496,116495,115494,-1,73256,74257,74258,74259,74260,74261,74262,-1,117500,118501,118502,-1,117512,118513,118514,-1,93328,-1,91326,-1,88316,88315,87314,-1,139484,-1,137474,-1,137488,138487,138486,138485,138484,138483,137482,-1,130444,130443,129442,-1,126424,126423,125422,-1,133452,-1,135458,-1,138468,138467,137466,-1,137452,-1,135446,-1,135452,-1,131442,132443,132444,-1,137466,-1,131440,-1,129442,130443,130444,-1
-1,61257,-1,-1,-1,-1,-1,59251,-1,61253,-1,61255,-1,-1,-1,-1,-1,61261,-1,65263,-1,-1,-1,61259,-1,-1,-1,63265,-1,65269,-1,67273,-1,73259,-1,71255,-1,69247,-1,67239,-1,-1,-1,-1,-1,129533,-1,127529,-1,-1,-1,-1,-1,-1,-1,125519,-1,123515,-1,121511,-1,-1,-1,-1,-1,117499,-1,-1,-1,-1,-1,73255,-1,75259,-1,-1,-1,-1,-1,117501,-1,-1,-1,-1,-1,119515,-1,93327,-1,91325,-1,-1,-1,87313,-1,139485,-1,137473,-1,137489,-1,-1,-1,-1,-1,-1,-1,131445,-1,-1,-1,-1,-1,125421,-1,133453,-1,135457,-1,139455,-1,-1,-1,137451,-1,135445,-1,-1,-1,131441,-1,-1,-1,137467,-1,131439,-1,129441,-1,-1,-1
-1,60256,60255,60254,60253,60252,60251,59250,60251,60252,60253,60254,60255,60256,60257,60258,60259,60260,-1,64262,64261,63260,-1,61258,-1,64268,64267,63266,64267,64268,-1,67274,-1,73260,-1,71254,-1,69248,-1,66238,66237,66236,66235,65234,-1,128532,128531,127530,-1,62224,62223,61222,62223,62224,-1,124518,124517,123516,-1,120510,120509,120508,120507,119506,-1,117500,-1,71250,72251,72252,72253,72254,-1,75260,-1,121510,-1,118504,118503,117502,-1,92320,92319,91318,-1,119516,-1,92326,92325,91324,-1,89314,-1,87312,-1,139486,-1,137472,-1,137490,138491,138492,-1,132450,132449,132448,132447,131446,-1,143476,144477,144478,-1,125420,-1,133454,134455,134456,-1,138454,138453,138452,138451,137450,-1,134444,134443,133442,-1,131440,-1,138470,138469,137468,-1,131438,-1,128440,128439,127438,-1
-1,-1,-1,-1,-1,61251,-1,59249,-1,-1,-1,61253,-1,61257,-1,61259,-1,-1,-1,65263,-1,63259,-1,61257,-1,-1,-1,-1,-1,65269,-1,67275,-1,-1,-1,71253,-1,69249,-1,-1,-1,-1,-1,65233,-1,-1,-1,-1,-1,63225,-1,61221,-1,63225,-1,-1,-1,-1,-1,-1,-1,-1,-1,119505,-1,117501,-1,71249,-1,-1,-1,-1,-1,75261,-1,121509,-1,119505,-1,-1,-1,93321,-1,91317,-1,119517,-1,-1,-1,91323,-1,89313,-1,87311,-1,139487,-1,137471,-1,-1,-1,139493,-1,133451,-1,-1,-1,-1,-1,143475,-1,-1,-1,125419,-1,-1,-1,-1,-1,-1,-1,-1,-1,137449,-1,-1,-1,133441,-1,131439,-1,139471,-1,-1,-1,131437,-1,-1,-1,127437,-1
-1,66262,66261,65260,-1,61250,-1,59248,-1,62254,62253,61252,-1,61258,-1,61260,62261,62262,-1,65264,-1,63258,-1,61256,-1,61258,62259,62260,-1,65270,-1,67276,68277,68278,-1,70252,70251,69250,70251,70252,-1,73258,-1,64232,64231,64230,64229,64228,64227,63226,-1,61220,-1,63226,64227,64228,64229,64230,64231,64232,64233,64234,-1,118504,118503,117502,-1,71248,-1,71242,72243,72244,-1,75262,-1,120508,120507,119506,-1,93308,94309,93322,-1,91316,-1,119518,120519,120520,-1,91322,-1,88312,88311,87310,-1,139488,-1,137470,-1,140496,140495,139494,-1,133452,134453,134454,134455,134456,-1,142474,142473,141472,-1,124418,124417,123416,-1,136450,136449,135448,-1,135446,136447,136448,-1,131438,132439,132440,-1,131438,-1,139472,140473,140474,-1,130436,130435,129434,-1,127436,-1
-1,-1,-1,65259,-1,61249,-1,59247,-1,-1,-1,61251,-1,61259,-1,-1,-1,63263,-1,65265,-1,63257,-1,61255,-1,61257,-1,63261,-1,-1,-1,-1,-1,69279,-1,71253,-1,-1,-1,71253,-1,73257,-1,-1,-1,-1,-1,-1,-1,-1,-1,61219,-1,-1,-1,65229,-1,65231,-1,-1,-1,-1,-1,-1,-1,-1,-1,71247,-1,71241,-1,-1,-1,75263,-1,-1,-1,119507,-1,93307,-1,-1,-1,91315,-1,119519,-1,-1,-1,91321,-1,89313,-1,87309,-1,-1,-1,137469,-1,-1,-1,-1,-1,-1,-1,-1,-1,135457,-1,-1,-1,141471,-1,-1,-1,123415,-1,137451,-1,135447,-1,135445,-1,-1,-1,131437,-1,-1,-1,131437,-1,-1,-1,141475,-1,-1,-1,129433,-1,127435,-1
-1,63256,64257,64258,-1,61248,-1,59246,60247,60248,60249,60250,-1,61260,-1,63262,64263,63264,-1,65266,-1,63256,-1,61254,-1,61256,-1,63262,64263,64264,64265,64266,-1,69280,-1,71254,72255,72256,72255,71254,72255,72256,72257,72258,-1,57220,58221,57222,58223,58224,-1,60218,60217,59216,-1,65230,66231,65232,-1,65234,66235,66236,-1,69242,70243,70244,70245,70246,-1,70240,70239,69238,-1,75264,76265,75270,-1,119508,-1,93306,-1,91300,-1,91314,-1,119520,-1,89318,90319,90320,-1,89314,-1,86308,86307,85306,-1,136468,136467,136466,136465,136464,136463,136462,136461,136460,136459,135458,136459,136460,-1,140470,140469,139468,-1,123414,-1,137452,-1,134446,134445,134444,134443,133442,-1,130436,130435,129434,130435,130436,-1,142478,142477,141476,142477,142478,-1,129432,-1,127434,-1
-1,63255,-1,-1,-1,61247,-1,59245,-1,-1,-1,-1,-1,61261,-1,63261,-1,-1,-1,-1,-1,63255,-1,61253,-1,61255,-1,-1,-1,65265,-1,-1,-1,69281,-1,-1,-1,-1,-1,-1,-1,-1,-1,73259,-1,57219,-1,57221,-1,59215,-1,-1,-1,59215,-1,-1,-1,-1,-1,65233,-1,67237,-1,69241,-1,-1,-1,-1,-1,-1,-1,69237,-1,-1,-1,75269,-1,-1,-1,93305,-1,91299,-1,91313,-1,-1,-1,89317,-1,-1,-1,89313,-1,-1,-1,85305,-1,-1,-1,-1,-1,-1,-1,-1,-1,-1,-1,-1,-1,137461,-1,-1,-1,139467,-1,123413,-1,-1,-1,-1,-1,-1,-1,133441,-1,131437,-1,129433,-1,-1,-1,-1,-1,-1,-1,143479,-1,129431,-1,127433,-1
-1,62254,62253,61252,-1,61246,-1,59244,60245,60246,-1,61244,62245,61262,-1,62260,62259,62258,62257,62256,62255,62254,62253,61252,-1,61254,62255,62256,-1,65266,66267,66268,-1,69282,70283,70284,70285,70286,70287,70288,-1,74262,74261,73260,-1,57218,-1,57220,-1,59214,-1,57212,58213,58214,-1,63228,64229,64230,64231,64232,-1,67238,68239,68240,-1,63226,64227,64228,-1,67234,68235,68236,68237,68238,-1,75268,-1,91302,92303,92304,-1,91298,-1,90312,90311,89310,-1,88316,88315,88314,88313,88312,88311,87310,-1,84304,84303,84302,84301,84300,84299,83298,-1,113372,114373,114374,-1,138464,138463,137462,138463,138464,138465,138466,-1,122412,122411,122410,122409,122408,122407,121406,-1,132440,132439,131438,-1,128432,128431,128430,128429,128428,128427,127426,-1,143480,-1,129430,-1,127432,-1
-1,63255,-1,61251,-1,61245,-1,59243,-1,61245,-1,61243,-1,-1,-1,-1,-1,-1,-1,-1,-1,-1,-1,61251,-1,61253,-1,-1,-1,-1,-1,67269,-1,-1,-1,-1,-1,-1,-1,71289,-1,-1,-1,-1,-1,57217,-1,57219,-1,59213,-1,57211,-1,59215,-1,63227,-1,-1,-1,-1,-1,-1,-1,-1,-1,63225,-1,65229,-1,67233,-1,69237,-1,-1,-1,75267,-1,91301,-1,-1,-1,91297,-1,-1,-1,89309,-1,-1,-1,-1,-1,-1,-1,87309,-1,-1,-1,-1,-1,-1,-1,83297,-1,113371,-1,115375,-1,-1,-1,-1,-1,-1,-1,139467,-1,-1,-1,-1,-1,123409,-1,121405,-1,-1,-1,-1,-1,-1,-1,-1,-1,129427,-1,127425,-1,-1,-1,129429,-1,127431,-1
-1,63256,-1,61250,-1,60244,60243,59242,-1,61244,-1,61242,-1,59240,60241,59242,60243,60244,60245,60246,60247,59248,60249,60250,-1,61252,-1,68274,68273,68272,68271,67270,-1,73292,74293,74294,74295,73296,-1,71290,-1,55212,56213,56214,56215,56216,56217,56218,-1,59212,-1,57210,-1,59216,-1,62226,62225,62224,62223,62222,62221,61220,-1,61222,62223,62224,-1,65230,66231,66232,-1,69238,-1,76268,76267,75266,-1,90300,90299,89298,-1,90296,90295,89294,-1,88308,88307,88306,88305,87304,88305,88306,-1,87308,-1,86306,86305,85304,-1,81294,82295,82296,-1,113370,-1,115376,116377,116378,116379,116380,116381,116382,-1,139468,-1,121398,122399,122400,-1,123410,-1,121404,-1,121406,122407,122408,122409,122410,122411,122412,-1,129426,-1,127424,128425,128426,128427,128428,-1,127430,-1
-1,-1,-1,61249,-1,-1,-1,59241,-1,61243,-1,61241,-1,59239,-1,59241,-1,61245,-1,-1,-1,59247,-1,61251,-1,61251,-1,69275,-1,-1,-1,-1,-1,73291,-1,-1,-1,73295,-1,71291,-1,55211,-1,-1,-1,-1,-1,57209,-1,59211,-1,57209,-1,-1,-1,-1,-1,-1,-1,-1,-1,61219,-1,61221,-1,-1,-1,-1,-1,-1,-1,-1,-1,77269,-1,75265,-1,-1,-1,89297,-1,-1,-1,89293,-1,-1,-1,-1,-1,87303,-1,-1,-1,87307,-1,-1,-1,85303,-1,81293,-1,-1,-1,113369,-1,-1,-1,-1,-1,-1,-1,117383,-1,-1,-1,121397,-1,123401,-1,-1,-1,121403,-1,121405,-1,-1,-1,-1,-1,123413,-1,129425,-1,127423,-1,-1,-1,-1,-1,127429,-1
-1,59246,60247,60248,60249,60250,-1,59240,60241,60242,-1,60240,60239,59238,-1,59240,-1,61246,-1,60248,60247,59246,-1,61252,-1,61250,-1,69276,70277,70278,70279,70280,-1,73290,-1,57216,-1,72294,72293,71292,-1,55210,-1,56216,56215,55214,-1,57208,58209,58210,-1,57208,-1,55206,56207,56208,56209,56210,-1,59216,60217,60218,-1,60220,60219,59218,-1,77272,78273,78274,-1,78272,78271,77270,-1,75264,76265,76266,-1,88296,88295,88294,88293,88292,88291,87290,-1,85288,-1,86302,86301,85300,-1,86306,86305,86304,86303,85302,-1,81292,-1,112370,112369,112368,112367,111366,-1,118388,118387,118386,118385,117384,-1,119394,120395,120396,-1,122406,122405,122404,122403,121402,-1,121404,-1,121406,122407,122408,-1,123414,-1,129424,-1,127422,128423,128424,128425,128426,128427,127428,-1
-1,59245,-1,-1,-1,-1,-1,59239,-1,-1,-1,-1,-1,59237,-1,59239,-1,-1,-1,61247,-1,59245,-1,-1,-1,61249,-1,-1,-1,-1,-1,71281,-1,73289,-1,57215,-1,-1,-1,-1,-1,55209,-1,-1,-1,55213,-1,57207,-1,-1,-1,57207,-1,55205,-1,-1,-1,57211,-1,59215,-1,-1,-1,-1,-1,59217,-1,77271,-1,79275,-1,79273,-1,77271,-1,75263,-1,-1,-1,-1,-1,-1,-1,-1,-1,87289,-1,85287,-1,-1,-1,85299,-1,-1,-1,-1,-1,85301,-1,81291,-1,-1,-1,113369,-1,111365,-1,-1,-1,119387,-1,117385,-1,119393,-1,-1,-1,-1,-1,-1,-1,121401,-1,121403,-1,121405,-1,-1,-1,123415,-1,129423,-1,127421,-1,129423,-1,-1,-1,127427,-1
-1,58244,58243,58242,58241,58240,58239,58238,58237,58236,58235,57234,58235,58236,58237,58238,58239,58240,-1,61246,-1,59244,60245,60246,60247,60248,-1,75266,76267,76268,-1,71282,-1,73288,-1,56214,56213,56212,56211,56210,56209,55208,-1,53210,54211,54212,-1,56206,56205,55204,56205,56206,-1,55204,-1,55206,-1,57212,58213,58214,-1,55208,56209,56210,-1,59216,-1,77270,-1,79276,80275,79274,-1,77272,-1,75262,76263,76264,76265,76266,76267,76268,76267,75266,-1,86288,86287,85286,-1,81296,-1,84298,84297,83296,84297,84298,84299,84300,-1,80290,80289,79288,-1,113370,-1,110364,110363,109362,-1,118388,118387,117386,-1,119392,-1,119394,120395,120396,120397,120398,120399,120400,120401,120402,120403,120404,-1,123410,124411,123416,-1,128422,128421,127420,128421,128422,-1,127424,-1,127426,-1
-1,59245,-1,59243,-1,-1,-1,59239,-1,59237,-1,57233,-1,-1,-1,59239,-1,59235,-1,61245,-1,59243,-1,-1,-1,-1,-1,75265,-1,-1,-1,71283,-1,73287,-1,57213,-1,-1,-1,-1,-1,55207,-1,53209,-1,55213,-1,-1,-1,55203,-1,-1,-1,55203,-1,55205,-1,-1,-1,-1,-1,55207,-1,57211,-1,59215,-1,77269,-1,-1,-1,-1,-1,-1,-1,75261,-1,-1,-1,-1,-1,-1,-1,75265,-1,-1,-1,85285,-1,81295,-1,-1,-1,83295,-1,-1,-1,-1,-1,-1,-1,79287,-1,113371,-1,-1,-1,109361,-1,-1,-1,117387,-1,119391,-1,119393,-1,-1,-1,-1,-1,-1,-1,121403,-1,-1,-1,123409,-1,-1,-1,-1,-1,127419,-1,-1,-1,127423,-1,127425,-1
-1,59246,-1,59244,60243,60242,60241,59240,-1,59238,-1,56232,56231,55230,-1,59240,-1,59234,-1,61244,-1,59242,-1,74268,74267,74266,74265,74264,74263,73262,-1,71284,72285,72286,-1,56212,56211,56210,56209,56208,56207,55206,-1,53208,-1,55214,-1,53204,54203,54202,54201,53200,54201,54202,54203,54204,54205,54206,54205,53204,54205,54206,-1,57212,58213,58214,-1,76268,76267,76266,76265,76264,76263,75262,-1,75260,-1,76266,76265,76264,76263,75262,-1,75264,-1,83282,84283,84284,-1,81294,82293,81292,82293,82294,82295,82296,82297,82298,82299,82300,-1,79286,-1,113372,114373,114374,-1,108360,108359,107358,-1,117388,118389,118390,118391,118392,-1,122410,122409,122408,122407,122406,122405,121404,122405,122406,122407,122408,-1,125414,-1,125416,126417,126418,126419,126420,126421,126422,126423,126424,-1
-1,59247,-1,-1,-1,-1,-1,59239,-1,59239,-1,-1,-1,55229,-1,59241,-1,59233,-1,61243,-1,59241,-1,75269,-1,-1,-1,-1,-1,73261,-1,-1,-1,-1,-1,-1,-1,-1,-1,57209,-1,55205,-1,53207,-1,55215,-1,53203,-1,-1,-1,53199,-1,-1,-1,-1,-1,-1,-1,53203,-1,-1,-1,-1,-1,59215,-1,-1,-1,-1,-1,-1,-1,75261,-1,75259,-1,-1,-1,-1,-1,75261,-1,75263,-1,83281,-1,-1,-1,81293,-1,81291,-1,-1,-1,-1,-1,-1,-1,-1,-1,79285,-1,-1,-1,-1,-1,-1,-1,107357,-1,117389,-1,119391,-1,-1,-1,123411,-1,-1,-1,-1,-1,121405,-1,123407,-1,-1,-1,125413,-1,125415,-1,127419,-1,-1,-1,-1,-1,-1,-1
-1,59248,60249,60250,60251,60252,-1,59238,-1,59240,-1,53226,-1,55228,-1,59242,-1,59232,-1,60242,60241,59240,-1,75270,76271,76272,-1,71258,72259,72260,72261,72262,72263,72264,72265,72266,-1,58212,58211,57210,-1,55204,-1,53206,-1,55216,-1,53202,-1,53200,-1,52198,52197,51196,52197,52198,52199,52200,52201,52202,-1,53204,54205,54206,-1,59216,60217,60218,60219,60220,-1,79266,-1,75260,-1,75258,-1,73256,74257,74258,-1,75260,-1,75262,-1,82280,82279,81278,-1,80292,80291,80290,80289,80288,80287,80286,80285,80284,80283,79282,-1,79284,-1,105350,106351,106352,106353,106354,106355,106356,-1,117390,-1,119392,-1,123414,124413,123412,-1,122410,122409,122408,122407,121406,-1,123408,124409,124410,124411,124412,124413,124414,-1,127420,-1,129426,130427,130428,130429,130430,-1
-1,59249,-1,61237,-1,-1,-1,59237,-1,59241,-1,53225,-1,55227,-1,-1,-1,59231,-1,61241,-1,59239,-1,-1,-1,-1,-1,71257,-1,-1,-1,-1,-1,-1,-1,-1,-1,59213,-1,57211,-1,55203,-1,53205,-1,-1,-1,53201,-1,53199,-1,-1,-1,51195,-1,-1,-1,-1,-1,-1,-1,53203,-1,55207,-1,-1,-1,-1,-1,61221,-1,79265,-1,75259,-1,75257,-1,73255,-1,75257,-1,75259,-1,75261,-1,-1,-1,81277,-1,-1,-1,-1,-1,-1,-1,-1,-1,-1,-1,79281,-1,79283,-1,105349,-1,-1,-1,-1,-1,-1,-1,117391,-1,119393,-1,123413,-1,-1,-1,-1,-1,123409,-1,-1,-1,123409,-1,-1,-1,-1,-1,-1,-1,127421,-1,129425,-1,-1,-1,131431,-1
-1,59250,-1,60236,60235,59234,-1,59236,60237,59242,-1,53224,54225,54226,-1,57228,58229,58230,-1,60240,60239,59238,-1,65244,66245,66246,-1,70256,70255,69254,-1,61228,62227,62226,62225,61224,-1,58214,58213,57212,-1,55202,-1,52204,52203,52202,52201,52200,52199,52198,52197,52196,52195,51194,-1,51196,52197,52198,52199,51200,52201,52202,-1,55208,-1,62226,62225,62224,62223,61222,-1,79264,-1,75258,-1,74256,74255,73254,-1,75256,76257,75258,-1,75260,-1,79274,80275,80276,-1,77270,78271,78272,78273,78274,78275,78276,78277,78278,78279,78280,78281,78282,-1,105348,106349,106350,-1,121400,-1,118394,118393,117392,-1,119394,-1,122412,122411,122410,122409,121408,-1,123410,124411,124412,124411,123410,-1,131432,132433,132434,-1,128424,128423,127422,128423,128424,128425,128426,-1,131432,-1
-1,59251,-1,-1,-1,59233,-1,59235,-1,-1,-1,53223,-1,-1,-1,57227,-1,-1,-1,-1,-1,59237,-1,65243,-1,67247,-1,-1,-1,69253,-1,61227,-1,-1,-1,61223,-1,59215,-1,-1,-1,55201,-1,53205,-1,-1,-1,-1,-1,-1,-1,-1,-1,51193,-1,51195,-1,-1,-1,51199,-1,-1,-1,-1,-1,63227,-1,-1,-1,-1,-1,79263,-1,75257,-1,-1,-1,73253,-1,75255,-1,75257,-1,75259,-1,79273,-1,-1,-1,77269,-1,-1,-1,-1,-1,-1,-1,-1,-1,79281,-1,79283,-1,105347,-1,107349,-1,121399,-1,119395,-1,-1,-1,-1,-1,-1,-1,-1,-1,121407,-1,123411,-1,-1,-1,-1,-1,131431,-1,-1,-1,129425,-1,-1,-1,-1,-1,-1,-1,131433,-1
-1,59252,-1,57230,58231,58232,58233,58234,58235,58236,-1,53222,-1,55224,56225,56226,-1,59236,60237,60238,-1,59236,-1,65242,-1,67248,68249,68250,68251,68252,-1,61226,-1,61224,-1,61222,-1,59216,-1,53198,54199,54200,-1,53206,-1,50188,50187,49186,50187,50188,50189,50190,50191,50192,50193,50194,50195,50196,50197,50198,-1,64232,64231,64230,64229,63228,-1,63222,64223,64224,-1,79262,-1,74256,74255,74254,74253,73252,74253,74254,74255,74256,74257,74258,-1,78272,78271,78270,78269,77268,-1,79274,80275,80276,-1,82290,82289,81288,-1,79282,-1,79284,-1,105346,-1,107348,-1,120398,120397,119396,120397,120398,120399,120400,120401,120402,120403,120404,120405,120406,-1,123412,-1,130434,130433,130432,130431,130430,130429,130428,130427,129426,130427,130428,-1,134450,134449,133448,-1,131434,-1
-1,59253,-1,57229,-1,-1,-1,-1,-1,-1,-1,53221,-1,55223,-1,57227,-1,59235,-1,-1,-1,59235,-1,65241,-1,67249,-1,-1,-1,-1,-1,61225,-1,61223,-1,61221,-1,59217,-1,53197,-1,-1,-1,-1,-1,51189,-1,49185,-1,-1,-1,-1,-1,-1,-1,-1,-1,-1,-1,-1,-1,65219,-1,-1,-1,-1,-1,63221,-1,65225,-1,79261,-1,-1,-1,-1,-1,73251,-1,-1,-1,75257,-1,75259,-1,-1,-1,-1,-1,77267,-1,79273,-1,81277,-1,83281,-1,81287,-1,79283,-1,79285,-1,105345,-1,107347,-1,-1,-1,-1,-1,-1,-1,-1,-1,-1,-1,-1,-1,-1,-1,123413,-1,-1,-1,-1,-1,-1,-1,-1,-1,-1,-1,-1,-1,135441,-1,133447,-1,131435,-1
-1,59254,-1,56228,56227,56226,56225,55224,-1,54222,54221,53220,-1,55222,-1,57228,-1,58234,58233,57232,-1,59234,-1,65240,-1,67250,-1,60228,60227,60226,60225,60224,60223,60222,60221,60220,60219,59218,-1,52196,52195,52194,52193,52192,52191,51190,-1,49184,-1,59202,60203,60204,60205,60206,60207,60208,-1,63214,64215,64216,-1,65218,-1,61216,62217,62218,62219,62220,-1,65226,-1,78260,78259,77258,-1,74252,74251,73250,-1,76260,76259,75258,-1,75260,76261,76262,76263,76264,76265,76266,-1,79272,-1,81278,82279,82280,-1,80286,80285,79284,-1,79286,-1,105344,-1,106346,106345,105344,-1,152506,152505,151504,152499,151498,-1,151496,-1,148490,148489,147488,-1,123414,124415,124416,-1,127422,128423,128424,128425,128426,-1,131432,132433,132434,-1,135440,-1,133446,-1,131436,-1
-1,-1,-1,-1,-1,-1,-1,55223,-1,55221,-1,53219,-1,55221,-1,57227,-1,-1,-1,57231,-1,59233,-1,65239,-1,-1,-1,61229,-1,-1,-1,-1,-1,-1,-1,-1,-1,59219,-1,-1,-1,-1,-1,-1,-1,-1,-1,49183,-1,59201,-1,-1,-1,-1,-1,61209,-1,63213,-1,65215,-1,65217,-1,61215,-1,-1,-1,63221,-1,-1,-1,-1,-1,77257,-1,75253,-1,73249,-1,77261,-1,-1,-1,-1,-1,77263,-1,77265,-1,77267,-1,79271,-1,-1,-1,-1,-1,-1,-1,-1,-1,79287,-1,105343,-1,-1,-1,105343,-1,153507,-1,151503,-1,151497,-1,151495,-1,149491,-1,147487,-1,-1,-1,125417,-1,127421,-1,-1,-1,129427,-1,131431,-1,133435,-1,135439,-1,133445,-1,131437,-1
-1,55176,56177,56178,56179,56180,56181,55222,-1,55220,-1,53218,54219,54220,-1,56226,56225,55224,-1,57230,58231,58232,-1,64238,64237,63236,-1,61230,-1,53188,54189,54190,54191,54192,54193,54194,-1,59220,-1,55190,56191,56192,56193,56194,56195,55196,-1,49182,-1,58200,58199,58198,58197,57196,-1,61210,-1,63212,64213,64214,64215,64216,-1,61214,62215,62216,-1,63222,64223,64224,-1,76258,76257,76256,76255,75254,-1,73248,-1,77262,-1,75256,76257,76258,-1,77264,-1,77266,78267,77268,78269,78270,78271,78272,-1,80294,80293,80292,80291,80290,80289,79288,-1,104342,104341,103340,104341,104342,-1,153508,-1,151502,-1,150496,150495,150494,150493,149492,-1,146486,146485,145484,-1,125418,126419,126420,-1,143474,-1,129428,130429,130430,-1,133436,134437,134438,-1,133444,-1,131438,-1
-1,55175,-1,-1,-1,-1,-1,55221,-1,55219,-1,53217,-1,-1,-1,-1,-1,55223,-1,57229,-1,-1,-1,65239,-1,63235,-1,61231,-1,53187,-1,-1,-1,-1,-1,55195,-1,-1,-1,55189,-1,-1,-1,-1,-1,55195,-1,49181,-1,-1,-1,-1,-1,57195,-1,61209,-1,63211,-1,-1,-1,-1,-1,61213,-1,-1,-1,-1,-1,65223,-1,77259,-1,-1,-1,75255,-1,73247,-1,-1,-1,75255,-1,77259,-1,-1,-1,-1,-1,-1,-1,-1,-1,-1,-1,81295,-1,-1,-1,-1,-1,-1,-1,105343,-1,103339,-1,-1,-1,-1,-1,151501,-1,-1,-1,-1,-1,149493,-1,-1,-1,145483,-1,-1,-1,-1,-1,143473,-1,-1,-1,-1,-1,-1,-1,-1,-1,133443,-1,131439,-1
-1,55174,-1,52168,52167,51166,-1,55220,-1,54218,54217,53216,54217,54218,54219,54220,54221,54222,-1,57228,-1,66242,66241,65240,-1,62234,62233,61232,-1,52186,52185,51184,-1,57202,-1,55196,-1,56190,56189,55188,-1,53186,54187,54188,-1,55194,-1,49180,-1,55190,56191,56192,56193,56194,-1,61208,-1,63210,-1,55208,-1,59210,60211,60212,-1,61214,62215,62216,-1,65222,-1,77260,-1,76258,76257,75256,-1,73246,-1,73252,74253,74254,-1,77260,78261,78262,78263,78264,-1,82302,82301,82300,82299,82298,82297,81296,-1,91306,92307,92308,92309,92310,-1,105344,-1,103338,-1,100332,100331,99330,-1,150500,150499,150498,150497,150496,150495,149494,-1,159528,-1,145482,146483,146484,-1,142474,142473,142472,142471,141470,142471,142472,142473,142474,-1,145484,-1,132442,132441,131440,-1
-1,55173,-1,53169,-1,51165,-1,55219,-1,-1,-1,53215,-1,-1,-1,-1,-1,-1,-1,57227,-1,-1,-1,-1,-1,-1,-1,-1,-1,53187,-1,51183,-1,57201,-1,55197,-1,57191,-1,55187,-1,53185,-1,-1,-1,55193,-1,49179,-1,55189,-1,-1,-1,57195,-1,61207,-1,63209,-1,55207,-1,59209,-1,-1,-1,61213,-1,63217,-1,65221,-1,77261,-1,77259,-1,-1,-1,73245,-1,73251,-1,-1,-1,-1,-1,-1,-1,79265,-1,83303,-1,-1,-1,-1,-1,81297,-1,91305,-1,-1,-1,93311,-1,105345,-1,103337,-1,101333,-1,99329,-1,151501,-1,-1,-1,-1,-1,-1,-1,159527,-1,145481,-1,-1,-1,143475,-1,-1,-1,141469,-1,-1,-1,143475,-1,145483,-1,-1,-1,131441,-1
-1,54172,54171,53170,-1,51164,-1,54218,54217,54216,54215,53214,54215,54216,54217,54218,54219,54220,-1,57226,58227,58228,58229,58230,-1,60220,60219,59218,-1,53188,-1,51182,-1,56200,56199,55198,56199,56200,-1,54186,54185,53184,-1,53190,54191,54192,-1,49178,-1,55188,-1,58198,58197,57196,-1,61206,62207,62208,-1,55206,-1,59208,-1,61210,-1,61212,-1,63218,64219,64220,-1,77262,78261,77260,-1,71242,72243,72244,-1,73250,-1,80272,80271,80270,80269,80268,80267,79266,-1,83304,-1,82302,82301,82300,82299,81298,-1,91304,92305,92306,-1,93312,-1,105346,-1,102336,102335,101334,-1,99328,-1,151502,-1,158524,158523,157522,158523,158524,158525,158526,-1,144480,144479,144478,144477,143476,-1,161530,-1,140468,140467,139466,-1,143476,-1,145482,146483,146484,-1,131442,-1
-1,55173,-1,-1,-1,51163,-1,-1,-1,-1,-1,53213,-1,-1,-1,-1,-1,55221,-1,57225,-1,-1,-1,59231,-1,61221,-1,59217,-1,53189,-1,51181,-1,-1,-1,-1,-1,-1,-1,-1,-1,53183,-1,53189,-1,-1,-1,49177,-1,55187,-1,59199,-1,-1,-1,61205,-1,-1,-1,55205,-1,59207,-1,61209,-1,61211,-1,-1,-1,65221,-1,-1,-1,-1,-1,71241,-1,-1,-1,73249,-1,-1,-1,81271,-1,-1,-1,-1,-1,83305,-1,-1,-1,83275,-1,81299,-1,91303,-1,93307,-1,93313,-1,-1,-1,-1,-1,-1,-1,99327,-1,151503,-1,-1,-1,157521,-1,-1,-1,-1,-1,-1,-1,-1,-1,-1,-1,161529,-1,-1,-1,139465,-1,143477,-1,145481,-1,147485,-1,131443,-1
-1,55174,-1,49160,50161,50162,-1,57220,-1,54214,54213,53212,-1,55214,56215,56216,-1,55222,56223,56224,-1,51198,-1,59232,-1,61222,-1,59216,-1,53190,-1,50180,50179,50178,50177,49176,-1,51178,52179,52180,52181,52182,-1,53188,-1,50178,50177,49176,-1,55186,-1,59200,60201,59202,60203,60204,-1,56206,56205,55204,-1,59206,60207,60208,-1,61210,-1,66224,66223,65222,66223,66224,66225,66226,-1,71240,-1,72250,72249,72248,72247,71246,-1,81272,82273,82274,82275,82276,-1,83306,-1,81272,82273,82274,-1,81300,-1,91302,-1,93308,-1,93314,94315,94316,94317,94318,-1,97324,98325,98326,-1,151504,152505,152506,-1,156520,156519,156518,156517,155516,156517,156518,156519,156520,-1,159526,160527,160528,-1,137462,138463,138464,-1,143478,144479,144480,-1,147486,-1,131444,-1
-1,-1,-1,49159,-1,-1,-1,57219,-1,55215,-1,53211,-1,55213,-1,57217,-1,-1,-1,57225,-1,51197,-1,59233,-1,61223,-1,59215,-1,-1,-1,51181,-1,-1,-1,49175,-1,51177,-1,-1,-1,-1,-1,53187,-1,51177,-1,49175,-1,55185,-1,-1,-1,59201,-1,-1,-1,57207,-1,55203,-1,59205,-1,61207,-1,61209,-1,-1,-1,-1,-1,-1,-1,67227,-1,71239,-1,-1,-1,73247,-1,71245,-1,-1,-1,-1,-1,83277,-1,83307,-1,81271,-1,-1,-1,-1,-1,91301,-1,93309,-1,-1,-1,-1,-1,95319,-1,97323,-1,-1,-1,-1,-1,153507,-1,-1,-1,-1,-1,155515,-1,-1,-1,157521,-1,159525,-1,161529,-1,137461,-1,-1,-1,-1,-1,-1,-1,-1,-1,131445,-1
-1,47156,48157,48158,-1,56220,56219,56218,56217,55216,-1,53210,54211,54212,-1,57218,58219,58220,58221,57226,-1,51196,-1,59234,60235,60236,-1,58214,58213,57212,-1,51182,52183,52184,-1,49174,50175,50176,50177,50178,50179,50180,-1,53186,-1,50176,50175,49174,-1,54184,54183,53182,-1,58200,58199,57198,-1,57208,-1,55202,-1,59204,60205,60206,60207,60208,-1,63214,64215,64216,-1,68230,68229,67228,-1,70238,70237,69236,-1,73246,-1,71244,-1,71250,72251,72252,-1,83278,84279,83308,-1,81270,-1,81272,82273,82274,-1,91300,-1,93310,-1,96324,96323,96322,96321,95320,96321,96322,-1,154512,154511,154510,154509,153508,154509,154510,154511,154512,154513,154514,-1,158524,158523,157522,158523,158524,-1,161530,-1,136460,136459,136458,136457,135456,-1,132450,132449,132448,132447,131446,-1
-1,47155,-1,-1,-1,57221,-1,-1,-1,-1,-1,53209,-1,-1,-1,-1,-1,-1,-1,-1,-1,51195,-1,-1,-1,-1,-1,-1,-1,57211,-1,-1,-1,53185,-1,49173,-1,51175,-1,-1,-1,51181,-1,53185,-1,-1,-1,49173,-1,-1,-1,53181,-1,-1,-1,57197,-1,57209,-1,55201,-1,59203,-1,-1,-1,61209,-1,63213,-1,65217,-1,-1,-1,67229,-1,-1,-1,69235,-1,73245,-1,71243,-1,71249,-1,73253,-1,-1,-1,-1,-1,81269,-1,81271,-1,83275,-1,91299,-1,93311,-1,-1,-1,-1,-1,-1,-1,-1,-1,-1,-1,-1,-1,-1,-1,-1,-1,-1,-1,-1,-1,-1,-1,-1,-1,-1,-1,-1,-1,-1,-1,-1,-1,135455,-1,133451,-1,-1,-1,-1,-1
-1,47154,-1,58220,58219,57222,58217,57216,-1,54210,54209,53208,54207,54206,54205,54204,54203,54202,54201,53200,-1,50194,50193,49192,50193,50194,50195,50196,-1,57210,-1,54188,54187,53186,-1,49172,-1,51174,-1,51176,-1,51182,52183,52184,-1,50174,50173,49172,50173,50174,-1,52180,52179,51178,-1,57196,-1,57210,-1,55200,-1,58202,58201,57200,-1,61210,62211,62212,-1,65218,66219,66220,-1,67230,68231,68232,68233,68234,-1,72244,72243,71242,-1,71248,-1,73254,74255,74256,-1,79266,80267,80268,80269,80270,-1,83276,-1,91298,-1,93312,-1,95318,96319,96320,96321,96322,96323,96324,96325,96326,96327,96328,96329,96330,96331,96332,96333,96334,96335,96336,96337,96338,-1,107380,108379,108378,108377,107376,108375,108374,108373,107372,-1,134454,134453,133452,134453,134454,134455,134456,-1
-1,47153,-1,-1,-1,-1,-1,57215,-1,55211,-1,53207,-1,-1,-1,-1,-1,-1,-1,53199,-1,51195,-1,49191,-1,-1,-1,-1,-1,57209,-1,-1,-1,53187,-1,49171,-1,51173,-1,51175,-1,-1,-1,-1,-1,51175,-1,49171,-1,-1,-1,-1,-1,51177,-1,57195,-1,57211,-1,55199,-1,-1,-1,57199,-1,-1,-1,-1,-1,-1,-1,67221,-1,-1,-1,69233,-1,69235,-1,-1,-1,71241,-1,71247,-1,-1,-1,-1,-1,79265,-1,-1,-1,-1,-1,83277,-1,91297,-1,93313,-1,95317,-1,-1,-1,-1,-1,97325,-1,-1,-1,-1,-1,-1,-1,-1,-1,-1,-1,-1,-1,97339,-1,107379,-1,-1,-1,107375,-1,-1,-1,107371,-1,-1,-1,-1,-1,-1,-1,-1,-1
-1,47152,-1,44146,44145,43144,-1,56214,56213,55212,-1,52206,52205,52204,52203,52202,52201,52200,52199,52198,52197,51196,-1,49190,50191,50192,50193,50194,-1,56208,56207,55206,-1,53188,-1,49170,-1,51172,-1,51174,52175,52176,52177,52178,52177,51176,-1,49170,50171,50172,50173,50174,50175,50176,-1,57194,58195,57212,-1,55198,56199,56200,-1,57198,-1,57200,-1,68226,68225,68224,68223,67222,-1,70236,70235,69234,-1,69236,70237,70238,70239,70240,-1,71246,72247,72248,-1,77262,78263,78264,78265,78266,-1,84280,84279,83278,-1,91296,-1,93314,94315,94316,94317,94318,94319,94320,-1,97326,98327,98328,98329,98330,-1,100352,100351,100350,100349,100348,100347,99346,-1,97340,-1,106378,106377,106376,106375,106374,106373,106372,106371,106370,106369,106368,106367,106366,106365,105364,106365,105366,-1
-1,47151,-1,45147,-1,43143,-1,-1,-1,-1,-1,-1,-1,-1,-1,-1,-1,-1,-1,-1,-1,-1,-1,49189,-1,-1,-1,51195,-1,-1,-1,55205,-1,53189,-1,49169,-1,51171,-1,51173,-1,-1,-1,-1,-1,51177,-1,49169,-1,-1,-1,-1,-1,-1,-1,57193,-1,-1,-1,55197,-1,-1,-1,57197,-1,57199,-1,69227,-1,-1,-1,-1,-1,-1,-1,-1,-1,69237,-1,-1,-1,-1,-1,71245,-1,73249,-1,77261,-1,-1,-1,-1,-1,85281,-1,-1,-1,91295,-1,-1,-1,-1,-1,95319,-1,95321,-1,-1,-1,-1,-1,99331,-1,101353,-1,-1,-1,101349,-1,99345,-1,97341,-1,-1,-1,107377,-1,107375,-1,-1,-1,-1,-1,107369,-1,-1,-1,105363,-1,105365,-1
-1,46150,46149,45148,-1,42142,42141,42140,42139,42138,42137,42136,42135,41134,-1,47180,48181,48182,48183,48184,48185,48186,48187,48188,-1,47170,-1,51196,52197,52198,-1,55204,-1,53190,-1,49168,50169,50170,50171,50172,-1,52182,52181,52180,52179,51178,-1,48168,48167,47166,-1,55188,56189,56190,56191,56192,56193,56194,-1,55196,-1,55194,56195,56196,-1,57198,-1,69228,70229,70230,70231,70232,70233,70234,70235,70236,70237,69238,70239,70240,70241,70242,70243,70244,-1,73250,-1,76260,76259,75258,-1,86284,86283,85282,-1,89292,90293,90294,-1,77260,78261,78262,-1,95320,-1,95322,96323,96324,96325,96326,-1,99332,-1,101354,-1,101340,102341,101350,-1,98344,98343,97342,98343,98344,-1,107378,-1,107376,108375,108374,108373,108372,108371,107370,-1,103360,104361,104362,104363,104364,-1
-1,-1,-1,-1,-1,-1,-1,43141,-1,-1,-1,-1,-1,41133,-1,47179,-1,-1,-1,-1,-1,-1,-1,-1,-1,47169,-1,-1,-1,53199,-1,55203,-1,53191,-1,49167,-1,-1,-1,-1,-1,-1,-1,-1,-1,51179,-1,-1,-1,47165,-1,55187,-1,-1,-1,-1,-1,-1,-1,55195,-1,55193,-1,-1,-1,57197,-1,-1,-1,71231,-1,71233,-1,-1,-1,-1,-1,-1,-1,-1,-1,-1,-1,-1,-1,73251,-1,-1,-1,75257,-1,87285,-1,-1,-1,89291,-1,-1,-1,77259,-1,-1,-1,95321,-1,-1,-1,-1,-1,97327,-1,99333,-1,-1,-1,101339,-1,-1,-1,99345,-1,-1,-1,99345,-1,107379,-1,-1,-1,-1,-1,-1,-1,-1,-1,103359,-1,-1,-1,-1,-1
-1,35116,36117,36118,36119,36120,-1,43142,-1,39128,40129,40130,40131,40132,-1,47178,-1,48176,48175,48174,48173,48172,48171,47170,48169,47168,-1,47166,-1,53200,54201,54202,-1,53192,-1,48166,48165,48164,48163,47162,-1,44156,44155,43154,-1,51180,52181,52182,-1,47164,-1,55186,-1,52184,52183,51182,-1,53192,54193,54194,-1,55192,56193,56194,56195,56196,56197,56198,-1,71232,-1,71234,-1,63216,-1,60210,60209,59208,60209,60210,60211,60212,60213,60214,-1,73252,74253,74254,74255,74256,-1,87286,88287,88288,88289,88290,-1,76260,76259,76258,76257,75256,-1,95322,-1,98332,98331,98330,98329,97328,-1,99334,100335,100336,100337,100338,-1,100348,100347,99346,-1,100348,100347,99346,-1,107380,108379,107378,108379,108380,108381,108382,108383,108384,-1,102358,102357,102356,102355,101354,-1
-1,35115,-1,-1,-1,37121,-1,-1,-1,39127,-1,-1,-1,41133,-1,47177,-1,-1,-1,-1,-1,-1,-1,47169,-1,47167,-1,47165,-1,-1,-1,-1,-1,-1,-1,-1,-1,49165,-1,47161,-1,45157,-1,43153,-1,51181,-1,53183,-1,47163,-1,55185,-1,-1,-1,51181,-1,53191,-1,-1,-1,55191,-1,-1,-1,-1,-1,57199,-1,71233,-1,71235,-1,63215,-1,61211,-1,59207,-1,-1,-1,-1,-1,61215,-1,-1,-1,-1,-1,-1,-1,-1,-1,-1,-1,-1,-1,-1,-1,-1,-1,75255,-1,95323,-1,-1,-1,99331,-1,-1,-1,-1,-1,101337,-1,-1,-1,101349,-1,99347,-1,-1,-1,-1,-1,-1,-1,107377,-1,109379,-1,-1,-1,-1,-1,-1,-1,-1,-1,101353,-1
-1,34114,34113,33112,-1,37122,38123,38124,38125,38126,-1,43140,-1,41134,-1,46176,46175,46174,46173,46172,46171,46170,46169,46168,46167,46166,46165,46164,46163,45162,-1,42156,42155,42154,42153,41152,-1,49166,-1,46160,46159,45158,-1,43152,-1,51182,52183,52184,-1,47162,-1,54184,54183,53182,-1,51180,-1,53190,-1,53188,54189,54190,54191,54192,54193,54194,-1,57200,-1,71234,72235,71236,-1,62214,62213,61212,-1,59206,-1,67236,68235,67234,-1,61216,62217,62218,62219,62220,-1,75254,-1,72248,72247,72246,72245,71244,72245,72246,72247,72248,-1,75254,-1,95324,96325,96326,-1,98368,98367,98366,98365,97364,-1,101338,-1,99368,100351,100350,100349,99348,-1,103366,104367,104368,104369,104370,-1,107376,108377,108378,-1,102356,102355,102354,102353,101352,-1,99350,100351,100352,-1
-1,-1,-1,33111,-1,-1,-1,-1,-1,-1,-1,43139,-1,41135,-1,-1,-1,-1,-1,-1,-1,-1,-1,-1,-1,-1,-1,-1,-1,45161,-1,-1,-1,43155,-1,41151,-1,49167,-1,-1,-1,-1,-1,43151,-1,-1,-1,-1,-1,47161,-1,-1,-1,53181,-1,51179,-1,53189,-1,53187,-1,-1,-1,-1,-1,55195,-1,57199,-1,-1,-1,-1,-1,63215,-1,-1,-1,59205,-1,67235,-1,67233,-1,-1,-1,-1,-1,63221,-1,75253,-1,73249,-1,-1,-1,71243,-1,-1,-1,73249,-1,75253,-1,-1,-1,97327,-1,-1,-1,99367,-1,97363,-1,101339,-1,99367,-1,-1,-1,99349,-1,103365,-1,-1,-1,105371,-1,107375,-1,-1,-1,103357,-1,-1,-1,101351,-1,99349,-1,101351,-1
-1,31108,32109,32110,-1,43156,44157,44158,44159,44160,-1,42138,42137,41136,-1,36134,36133,35132,36133,36134,-1,36132,36131,35130,36131,36132,36133,36134,-1,44160,44159,44158,44157,43156,-1,41150,-1,49168,-1,41146,42147,42148,42149,42150,-1,41148,42149,42150,-1,46160,46159,45158,-1,52180,52179,51178,-1,52188,52187,52186,52185,52184,52183,51182,-1,55196,56197,56198,-1,64220,64219,64218,64217,63216,64217,64218,-1,59204,-1,66234,66233,66232,66231,66230,66229,65228,-1,63222,-1,74252,74251,73250,74251,74252,-1,70242,70241,69240,-1,73250,74251,74252,74253,74254,-1,97328,-1,99362,100363,99368,-1,97362,-1,101340,-1,98366,98365,97364,-1,99350,-1,103364,104359,103358,-1,105372,106373,106374,-1,103360,104359,103358,-1,100352,100351,100350,100349,99348,-1,101350,-1
-1,31107,-1,-1,-1,43155,-1,45145,-1,-1,-1,43139,-1,-1,-1,37135,-1,35131,-1,37133,-1,-1,-1,35129,-1,-1,-1,-1,-1,-1,-1,-1,-1,-1,-1,41149,-1,-1,-1,41145,-1,-1,-1,-1,-1,41147,-1,43151,-1,-1,-1,45157,-1,-1,-1,51177,-1,-1,-1,-1,-1,-1,-1,51181,-1,-1,-1,-1,-1,-1,-1,-1,-1,63217,-1,-1,-1,59203,-1,-1,-1,-1,-1,-1,-1,65227,-1,63223,-1,-1,-1,-1,-1,-1,-1,-1,-1,69239,-1,-1,-1,75253,-1,-1,-1,97329,-1,99361,-1,-1,-1,97361,-1,-1,-1,-1,-1,97363,-1,-1,-1,103363,-1,103357,-1,-1,-1,-1,-1,103359,-1,-1,-1,-1,-1,-1,-1,99347,-1,101349,-1
-1,30106,30105,29104,-1,43154,-1,44144,44143,44142,44141,43140,-1,38138,38137,37136,-1,35130,36131,36132,-1,33126,34127,34128,-1,43162,44163,44164,44163,44162,44161,44160,44159,43158,-1,40148,40147,40146,40145,40144,40143,39142,40143,40144,40145,40146,-1,43152,44153,44154,44155,44156,-1,39138,-1,51176,-1,49174,50175,50176,50177,50178,50179,50180,-1,53186,54187,54188,54189,54190,54191,54192,-1,63218,-1,57200,58201,58202,-1,61208,62209,62210,62211,62212,-1,64226,64225,63224,64225,64226,64227,64228,64229,64230,-1,67236,68237,68238,-1,76256,76255,75254,-1,97360,98331,97330,-1,98360,98359,97358,-1,96360,96359,95358,96359,96360,96361,96362,-1,101360,102361,102362,-1,102356,102355,101354,102355,102356,-1,102358,102357,102356,102355,102354,102353,101352,-1,99346,100347,100348,-1
-1,-1,-1,29103,-1,43153,-1,-1,-1,-1,-1,-1,-1,-1,-1,37137,-1,35129,-1,-1,-1,33125,-1,35129,-1,43161,-1,-1,-1,45163,-1,45161,-1,43157,-1,-1,-1,41147,-1,-1,-1,39141,-1,-1,-1,-1,-1,-1,-1,-1,-1,-1,-1,39137,-1,51175,-1,49173,-1,51177,-1,-1,-1,51181,-1,53185,-1,-1,-1,-1,-1,55193,-1,-1,-1,57199,-1,59203,-1,61207,-1,-1,-1,63213,-1,65227,-1,-1,-1,65227,-1,-1,-1,65231,-1,67235,-1,-1,-1,77257,-1,-1,-1,97359,-1,-1,-1,-1,-1,97357,-1,-1,-1,95357,-1,-1,-1,-1,-1,101359,-1,-1,-1,-1,-1,101353,-1,-1,-1,-1,-1,-1,-1,-1,-1,101351,-1,99345,-1,-1,-1
-1,27100,28101,28102,-1,42152,42151,42150,42149,42148,42147,41146,-1,38140,38139,37138,-1,34128,34127,34126,34125,33124,-1,35130,-1,43160,44161,44162,-1,45164,46163,45162,-1,43156,44157,44158,-1,41148,-1,37138,38139,38140,-1,33122,34123,34124,-1,37130,38131,38132,38133,38134,38135,38136,-1,51174,-1,49172,-1,51178,-1,52184,52183,51182,52183,52184,-1,55194,56195,56196,-1,55194,56195,56196,56197,56198,-1,59204,60205,60206,-1,64216,64215,63214,-1,65228,-1,66230,66229,65228,66229,66230,-1,65232,66233,66234,-1,81268,-1,77258,78259,78260,-1,97358,-1,94352,94351,93350,-1,96356,96355,95354,-1,95356,-1,97346,98347,98348,-1,101358,-1,97344,98345,98346,-1,100352,100351,99350,100349,99348,-1,99346,100347,100348,100349,100350,-1,99344,-1,97346,-1
-1,27099,-1,-1,-1,-1,-1,-1,-1,-1,-1,41145,-1,39141,-1,37139,-1,-1,-1,-1,-1,33123,-1,-1,-1,43159,-1,-1,-1,-1,-1,-1,-1,43155,-1,-1,-1,41149,-1,37137,-1,-1,-1,33121,-1,35125,-1,37129,-1,39133,-1,-1,-1,-1,-1,51173,-1,49171,-1,51179,-1,-1,-1,-1,-1,-1,-1,55193,-1,57197,-1,-1,-1,-1,-1,-1,-1,59205,-1,-1,-1,65217,-1,-1,-1,65229,-1,67231,-1,-1,-1,67231,-1,-1,-1,-1,-1,81267,-1,-1,-1,79261,-1,97357,-1,95353,-1,93349,-1,-1,-1,95353,-1,95355,-1,97345,-1,99349,-1,101357,-1,97343,-1,99347,-1,-1,-1,99349,-1,99347,-1,99345,-1,-1,-1,-1,-1,99343,-1,97345,-1
-1,27098,28099,28100,28101,28102,28103,28104,28105,28106,-1,40144,40143,39142,-1,37140,-1,31118,32119,32120,32121,32122,-1,41156,42157,42158,-1,29112,30113,30114,30115,30116,-1,42154,42153,42152,42151,41150,-1,37136,-1,34122,34121,33120,-1,35126,36127,36128,-1,39134,-1,50176,50175,50174,50173,50172,50171,49170,-1,51180,-1,53186,54187,54188,54189,54190,54191,54192,-1,57198,58199,58200,58201,58202,58203,58204,-1,59206,-1,66220,66219,65218,66219,66220,-1,65230,-1,67232,68233,67238,-1,67232,68233,68234,-1,83272,-1,80266,80265,80264,80263,79262,-1,96356,96355,95354,-1,93348,-1,93350,94351,94352,-1,95354,-1,97344,-1,99350,-1,101356,-1,97342,-1,98352,98351,98350,98349,98348,98347,98346,98345,98344,98343,98342,98341,97340,98341,98342,98343,97344,-1
-1,27097,-1,29099,-1,29103,-1,29105,-1,29107,-1,-1,-1,-1,-1,-1,-1,31117,-1,-1,-1,33123,-1,41155,-1,-1,-1,29111,-1,-1,-1,31117,-1,-1,-1,43153,-1,-1,-1,37135,-1,-1,-1,33119,-1,35127,-1,-1,-1,-1,-1,51177,-1,-1,-1,-1,-1,49169,-1,51181,-1,53185,-1,-1,-1,-1,-1,-1,-1,-1,-1,59201,-1,-1,-1,59205,-1,59207,-1,-1,-1,-1,-1,67221,-1,65231,-1,-1,-1,67237,-1,67233,-1,69235,-1,83271,-1,81267,-1,-1,-1,-1,-1,-1,-1,-1,-1,93347,-1,93349,-1,95353,-1,95353,-1,97343,-1,99351,-1,101355,-1,97341,-1,-1,-1,-1,-1,-1,-1,99347,-1,-1,-1,-1,-1,97339,-1,-1,-1,97343,-1
-1,27096,28097,28098,-1,29104,-1,29106,-1,29108,30109,30110,30111,30112,30113,30114,30115,30116,30117,30118,-1,33124,-1,41154,-1,27108,28109,28110,-1,27104,-1,31118,32119,32120,-1,43154,44155,44156,-1,37134,-1,31116,32117,32118,-1,35128,-1,51174,52175,52176,52177,51178,-1,48168,48167,47166,48167,48168,-1,51182,52183,52184,-1,55190,56191,56192,-1,59190,60191,60192,-1,59202,60203,60204,-1,59206,-1,59208,60209,60210,60211,60212,-1,67222,-1,65232,66233,66234,66235,66236,-1,67234,68235,68236,-1,82270,82269,81268,-1,74278,74277,73276,-1,91342,92343,92344,92345,92346,-1,93348,-1,95354,-1,95352,-1,97342,-1,99352,100353,100354,-1,96340,96339,96338,96337,95336,-1,100350,100349,99348,-1,95334,96335,96336,96337,96338,96339,95340,96341,96342,-1
-1,27095,-1,-1,-1,29105,-1,29107,-1,-1,-1,-1,-1,-1,-1,-1,-1,-1,-1,-1,-1,33125,-1,41153,-1,27107,-1,-1,-1,27103,-1,-1,-1,33121,-1,-1,-1,-1,-1,37133,-1,31115,-1,-1,-1,-1,-1,51173,-1,-1,-1,-1,-1,49167,-1,47165,-1,49169,-1,-1,-1,-1,-1,55189,-1,57193,-1,59189,-1,61193,-1,-1,-1,-1,-1,59207,-1,-1,-1,-1,-1,61213,-1,67223,-1,-1,-1,67235,-1,67237,-1,67235,-1,-1,-1,83271,-1,-1,-1,75279,-1,73275,-1,91341,-1,-1,-1,-1,-1,93347,-1,-1,-1,95351,-1,97341,-1,-1,-1,-1,-1,-1,-1,-1,-1,95335,-1,-1,-1,-1,-1,95333,-1,-1,-1,-1,-1,95339,-1,-1,-1
-1,26094,26093,25092,-1,29106,-1,29108,-1,20074,20073,20072,20071,19070,-1,15076,-1,34130,34129,34128,34127,33126,-1,41152,-1,27106,-1,26104,26103,26102,26101,25100,-1,33122,-1,35128,36129,36130,36131,36132,-1,31114,-1,49168,50169,50170,50171,50172,-1,47162,48163,48164,48165,48166,-1,47164,-1,49170,-1,51180,52181,52182,-1,55188,-1,57194,-1,59188,-1,60214,60213,60212,60211,60210,60209,59208,60209,60210,-1,59236,60237,60238,-1,67224,-1,68238,68237,67236,-1,67238,-1,67236,-1,84274,84273,83272,-1,76282,76281,75280,-1,73274,-1,91340,-1,89338,90339,90340,-1,93346,94347,94348,94349,94350,-1,96340,96339,95338,-1,92332,92331,92330,92329,91328,-1,94334,94333,94332,94331,93330,94331,94332,94333,94334,94335,94336,94337,94338,94339,94340,-1
-1,-1,-1,25091,-1,29107,-1,29109,-1,21075,-1,21073,-1,19069,-1,15075,-1,35131,-1,-1,-1,33127,-1,41151,-1,27105,-1,-1,-1,-1,-1,25099,-1,33123,-1,35127,-1,-1,-1,-1,-1,31113,-1,49167,-1,-1,-1,-1,-1,47161,-1,-1,-1,49167,-1,47163,-1,49171,-1,51179,-1,53183,-1,55187,-1,-1,-1,59187,-1,-1,-1,-1,-1,61211,-1,-1,-1,-1,-1,59235,-1,-1,-1,67225,-1,69229,-1,-1,-1,67239,-1,67237,-1,-1,-1,-1,-1,77283,-1,-1,-1,73273,-1,91339,-1,89337,-1,91341,-1,93345,-1,-1,-1,-1,-1,-1,-1,95337,-1,-1,-1,93331,-1,91327,-1,95335,-1,-1,-1,93329,-1,95333,-1,95335,-1,95337,-1,-1,-1,95341,-1
-1,17056,-1,25090,-1,29108,30109,29110,-1,21076,-1,21074,-1,19068,-1,15074,-1,35132,36133,36134,-1,33128,-1,41150,-1,26104,26103,26102,26101,26100,26099,25098,-1,33124,34125,34126,-1,29108,30109,30110,30111,30112,-1,48166,48165,47164,-1,48162,48161,47160,48161,48162,-1,49168,-1,47162,-1,49172,-1,51178,-1,53184,54185,54186,-1,57184,58185,58186,-1,64220,64219,63218,-1,61212,-1,57230,58231,58232,58233,58234,-1,69232,-1,67226,68227,68228,68229,68230,-1,67240,-1,67238,-1,69248,70249,70250,-1,77284,78279,77278,-1,73272,-1,90338,90337,89336,-1,91342,92343,92344,92345,92346,92347,92348,92349,92350,-1,94336,94335,94334,94333,93332,-1,91326,-1,95336,-1,91326,92327,92328,-1,95334,-1,95336,96337,95338,-1,96344,96343,95342,-1
-1,17055,-1,25089,-1,-1,-1,-1,-1,-1,-1,21075,-1,19067,-1,15073,-1,-1,-1,37135,-1,33129,-1,41149,-1,-1,-1,-1,-1,-1,-1,25097,-1,-1,-1,-1,-1,29107,-1,31111,-1,-1,-1,-1,-1,47163,-1,49163,-1,47159,-1,49163,-1,49169,-1,47161,-1,49173,-1,51177,-1,-1,-1,55187,-1,57183,-1,-1,-1,-1,-1,63217,-1,61213,-1,57229,-1,-1,-1,-1,-1,69231,-1,67227,-1,-1,-1,69231,-1,67241,-1,67239,-1,69247,-1,71251,-1,-1,-1,77277,-1,73271,-1,91339,-1,89335,-1,-1,-1,-1,-1,-1,-1,-1,-1,-1,-1,-1,-1,-1,-1,-1,-1,91325,-1,-1,-1,91325,-1,93329,-1,95335,-1,-1,-1,95339,-1,97345,-1,95343,-1
-1,17054,-1,25088,-1,22082,22081,22080,22079,22078,22077,21076,-1,19066,-1,15072,-1,38138,38137,37136,-1,33130,-1,41148,-1,21086,22087,22088,-1,23094,24095,24096,-1,25102,-1,27104,28105,28106,-1,31112,32113,32114,32115,32116,-1,47162,-1,49164,-1,47158,-1,49164,50165,49170,-1,47160,-1,49174,50175,50176,-1,56190,56189,55188,-1,56182,56181,56180,56179,55178,-1,62216,62215,61214,-1,57228,-1,68234,68233,68232,68231,68230,68229,67228,68229,68230,68231,68232,-1,67242,-1,67240,-1,69246,-1,71252,-1,75274,76275,76276,-1,73270,-1,91340,-1,88334,88333,88332,88331,88330,88329,88328,88327,88326,88325,88324,88323,88322,88321,88320,88319,87318,-1,90324,90323,89322,90323,90324,-1,93330,-1,95336,96337,96338,-1,95340,-1,97346,-1,95344,-1
-1,17053,-1,25087,-1,-1,-1,23081,-1,-1,-1,-1,-1,19065,-1,15071,-1,39139,-1,-1,-1,-1,-1,41147,-1,21085,-1,-1,-1,23093,-1,-1,-1,25101,-1,27103,-1,-1,-1,-1,-1,-1,-1,33117,-1,47161,-1,-1,-1,47157,-1,-1,-1,-1,-1,47159,-1,-1,-1,-1,-1,-1,-1,-1,-1,57183,-1,-1,-1,55177,-1,63217,-1,-1,-1,57227,-1,-1,-1,-1,-1,69231,-1,-1,-1,69231,-1,-1,-1,67243,-1,67241,-1,69245,-1,71253,-1,75273,-1,-1,-1,73269,-1,-1,-1,-1,-1,-1,-1,-1,-1,-1,-1,-1,-1,89325,-1,-1,-1,-1,-1,87317,-1,-1,-1,89321,-1,-1,-1,-1,-1,-1,-1,97339,-1,95341,-1,97347,-1,95345,-1
-1,17052,-1,24086,24085,24084,24083,23082,-1,17048,18049,18050,-1,19064,-1,15070,-1,39140,40141,40142,40143,40144,40145,40146,-1,21084,-1,21090,22091,22092,-1,26102,26101,25100,26101,26102,-1,24096,24095,23094,-1,34120,34119,33118,-1,46160,46159,46158,46157,46156,46155,45154,46155,46156,-1,46158,46157,45156,-1,45154,46155,46156,46157,45158,-1,57184,-1,53174,54175,54176,-1,63218,64219,64220,-1,56226,56225,55224,-1,70234,70233,69232,70233,70234,-1,68248,68247,68246,68245,67244,-1,67242,68243,68244,-1,71254,-1,75272,-1,74270,74269,73268,74269,74270,74271,74272,74273,74274,-1,77284,78285,78286,78287,78288,-1,89326,90327,90328,90329,90330,-1,87316,88317,88318,88319,88320,-1,91326,92327,92328,-1,98342,98341,97340,-1,95342,-1,97348,-1,95346,-1
-1,17051,-1,-1,-1,-1,-1,-1,-1,17047,-1,-1,-1,19063,-1,15069,-1,-1,-1,-1,-1,-1,-1,-1,-1,21083,-1,21089,-1,-1,-1,-1,-1,25099,-1,-1,-1,-1,-1,23093,-1,35121,-1,-1,-1,-1,-1,-1,-1,-1,-1,45153,-1,-1,-1,-1,-1,45155,-1,45153,-1,-1,-1,45157,-1,57185,-1,53173,-1,-1,-1,-1,-1,-1,-1,-1,-1,55223,-1,71235,-1,-1,-1,71235,-1,69249,-1,-1,-1,-1,-1,-1,-1,-1,-1,71255,-1,75271,-1,-1,-1,73267,-1,-1,-1,-1,-1,75275,-1,77283,-1,-1,-1,79289,-1,-1,-1,91329,-1,-1,-1,87315,-1,-1,-1,-1,-1,91325,-1,93329,-1,99343,-1,-1,-1,95343,-1,97349,-1,95347,-1
-1,16050,16049,16048,16047,16046,16045,15044,16045,16046,-1,17060,18061,18062,-1,14068,14067,14066,14065,13064,14065,14066,-1,19080,20081,20082,-1,20088,20087,20086,20085,19084,-1,24098,24097,24096,24095,24094,24093,23092,-1,35122,36123,36124,36125,36126,36127,36128,36129,36130,-1,44152,44151,44150,44149,43148,-1,44154,44153,44152,44151,43150,-1,45156,-1,57186,-1,52172,52171,51170,-1,47196,48197,48198,-1,53220,54221,54222,-1,71236,72237,72238,-1,70252,70251,69250,70251,70252,70253,70254,70255,70256,70257,70258,-1,71256,-1,74270,74269,74268,74267,73266,-1,91328,92329,92330,-1,75276,-1,77282,-1,80292,80291,79290,-1,92332,92331,91330,-1,85312,86313,86314,-1,89320,90321,90322,90323,90324,-1,93330,-1,99344,-1,96346,96345,95344,-1,97350,-1,95348,-1
-1,17051,-1,-1,-1,-1,-1,15043,-1,-1,-1,17059,-1,-1,-1,15069,-1,-1,-1,13063,-1,15067,-1,19079,-1,-1,-1,-1,-1,-1,-1,19083,-1,-1,-1,-1,-1,-1,-1,23091,-1,-1,-1,37125,-1,-1,-1,-1,-1,37131,-1,-1,-1,-1,-1,43147,-1,-1,-1,-1,-1,43149,-1,45155,-1,-1,-1,-1,-1,51169,-1,47195,-1,49199,-1,53219,-1,-1,-1,-1,-1,73239,-1,-1,-1,-1,-1,-1,-1,71255,-1,-1,-1,-1,-1,71257,-1,-1,-1,-1,-1,73265,-1,91327,-1,93331,-1,75277,-1,77281,-1,81293,-1,-1,-1,-1,-1,-1,-1,85311,-1,87315,-1,89319,-1,-1,-1,-1,-1,93331,-1,99345,-1,-1,-1,95345,-1,97349,-1,95349,-1
-1,17052,18053,18054,-1,21060,-1,14042,14041,13040,-1,17058,-1,16072,16071,15070,-1,11060,12061,12062,-1,15068,-1,18078,18077,17076,18077,18078,18079,18080,-1,19082,-1,21096,-1,22090,22089,21088,22089,22090,-1,38128,38127,37126,-1,41136,42137,42138,-1,37132,38133,38134,38135,38136,-1,42146,42145,41144,42145,42146,42147,42148,-1,45154,-1,47160,48161,48162,-1,51168,-1,47194,-1,49200,-1,52218,52217,52216,52215,51214,-1,73240,-1,74266,74265,73264,74265,74266,-1,71256,-1,87322,88323,88324,-1,71258,72259,72260,72261,72262,72263,72264,-1,91326,-1,93332,-1,75278,76279,76280,-1,81294,-1,84308,84307,83306,84307,84308,84309,84310,-1,87316,88317,88318,-1,94336,94335,94334,94333,93332,-1,99346,100347,99388,-1,95346,96347,96348,-1,95350,-1
-1,-1,-1,19055,-1,21059,-1,-1,-1,13039,-1,17057,-1,17073,-1,15071,-1,11059,-1,-1,-1,15069,-1,-1,-1,17075,-1,-1,-1,19081,-1,19081,-1,21095,-1,23091,-1,21087,-1,-1,-1,39129,-1,-1,-1,41135,-1,43139,-1,-1,-1,-1,-1,39137,-1,-1,-1,41143,-1,-1,-1,43149,-1,45153,-1,47159,-1,49163,-1,51167,-1,47193,-1,49201,-1,53219,-1,-1,-1,51213,-1,73241,-1,75267,-1,73263,-1,-1,-1,71257,-1,87321,-1,89325,-1,-1,-1,-1,-1,-1,-1,-1,-1,91325,-1,-1,-1,-1,-1,-1,-1,81295,-1,85309,-1,83305,-1,-1,-1,-1,-1,-1,-1,-1,-1,95337,-1,-1,-1,-1,-1,99347,-1,99387,-1,-1,-1,-1,-1,-1,-1
-1,20058,20057,19056,20057,20058,-1,11036,12037,12038,-1,17056,-1,16074,16073,15072,-1,11058,-1,19080,-1,15070,16071,16072,16073,16074,-1,20084,20083,19082,-1,19080,-1,21094,22095,22096,-1,20086,20085,19084,-1,39130,40131,40132,40133,40134,-1,43140,44141,44142,44143,44144,-1,39138,40139,40140,40141,40142,-1,44152,44151,43150,44151,44152,-1,47158,-1,49164,50165,50166,-1,47192,-1,49202,-1,53220,54221,54222,-1,51212,-1,73242,-1,75268,-1,72262,72261,72260,72259,71258,-1,87320,-1,89326,90325,90324,90323,90322,90321,89320,-1,89322,90323,90324,90325,90326,90327,90328,90329,90330,-1,81296,-1,85310,-1,83304,-1,95358,-1,93356,94357,94358,94359,94360,-1,95338,96339,96340,96341,96342,-1,99348,-1,98386,98385,98384,98383,98382,98381,97380,-1
-1,-1,-1,-1,-1,-1,-1,11035,-1,-1,-1,17055,-1,17075,-1,-1,-1,11057,-1,19079,-1,-1,-1,17073,-1,-1,-1,-1,-1,19083,-1,19079,-1,21093,-1,-1,-1,21087,-1,19083,-1,-1,-1,-1,-1,-1,-1,-1,-1,-1,-1,45145,-1,-1,-1,-1,-1,-1,-1,45153,-1,-1,-1,45153,-1,47157,-1,-1,-1,-1,-1,47191,-1,49203,-1,-1,-1,-1,-1,51211,-1,73243,-1,-1,-1,73263,-1,-1,-1,-1,-1,87319,-1,-1,-1,-1,-1,-1,-1,89319,-1,89321,-1,-1,-1,-1,-1,91329,-1,91331,-1,81297,-1,-1,-1,83303,-1,95357,-1,93355,-1,95359,-1,-1,-1,-1,-1,-1,-1,97343,-1,99349,-1,-1,-1,-1,-1,-1,-1,97379,-1
-1,7024,8025,8026,8027,8028,-1,11034,-1,15052,16053,16054,-1,17076,18077,18078,-1,11056,-1,18078,18077,18076,18075,17074,-1,15068,16069,15070,-1,19084,-1,19078,-1,21092,-1,22090,22089,21088,-1,18082,18081,18080,18079,17078,-1,14080,14079,13078,-1,46148,46147,45146,-1,50164,50163,49162,-1,46156,46155,45154,-1,46156,46155,45154,46155,46156,46157,46158,-1,45188,46189,46190,-1,49204,50205,50206,50207,50208,50209,50210,-1,73244,74245,74246,-1,73264,-1,75270,-1,88320,88319,87318,-1,88320,88319,88318,88317,87316,88317,88318,88319,88320,-1,87322,88323,88324,-1,91330,-1,91332,-1,81298,82299,82300,82301,82302,-1,95356,-1,93354,-1,95360,96361,96362,96363,96364,-1,98346,98345,97344,-1,99350,-1,101356,-1,98374,98373,97372,-1,97378,-1
-1,7023,-1,-1,-1,9029,-1,11033,-1,15051,-1,-1,-1,-1,-1,19079,-1,11055,-1,19079,-1,-1,-1,-1,-1,15067,-1,15069,-1,-1,-1,19077,-1,21091,-1,-1,-1,-1,-1,-1,-1,19081,-1,17077,-1,-1,-1,13077,-1,47149,-1,-1,-1,51159,-1,49161,-1,47157,-1,-1,-1,-1,-1,-1,-1,-1,-1,47159,-1,45187,-1,47191,-1,-1,-1,-1,-1,-1,-1,-1,-1,73245,-1,75247,-1,73265,-1,75269,-1,89321,-1,87317,-1,-1,-1,-1,-1,87315,-1,-1,-1,-1,-1,87321,-1,-1,-1,91331,-1,-1,-1,-1,-1,-1,-1,-1,-1,95355,-1,93353,-1,-1,-1,-1,-1,97365,-1,99347,-1,-1,-1,99351,-1,101355,-1,99375,-1,97371,-1,97377,-1
-1,7022,-1,10032,10031,9030,10031,10032,-1,14050,14049,14048,14047,13046,-1,19080,-1,11054,-1,19080,20081,20082,-1,13064,14065,14066,14067,14068,-1,17074,18075,18076,-1,20090,20089,20088,20087,20086,20085,20084,20083,19082,-1,17076,-1,14078,14077,13076,-1,47150,48151,48152,-1,51158,-1,48160,48159,47158,48159,48160,48161,48162,-1,48164,48163,48162,48161,47160,-1,45186,-1,47192,-1,42174,42173,42172,42171,42170,42169,41168,-1,73246,-1,75248,-1,73266,74267,74268,-1,89322,-1,86316,86315,86314,86313,85312,86313,86314,86315,86316,86317,86318,86319,86320,86319,85318,-1,91332,92333,92334,92335,92336,92337,92338,-1,95344,96345,95354,-1,93352,-1,95354,-1,97360,98361,97366,-1,99348,-1,100354,100353,99352,100353,100354,-1,99376,-1,97370,-1,97376,-1
-1,7021,-1,-1,-1,-1,-1,-1,-1,-1,-1,-1,-1,13045,-1,19081,-1,11053,-1,-1,-1,21083,-1,13063,-1,-1,-1,15069,-1,17073,-1,-1,-1,-1,-1,-1,-1,-1,-1,-1,-1,-1,-1,17075,-1,15077,-1,13075,-1,-1,-1,49153,-1,51157,-1,-1,-1,-1,-1,-1,-1,49163,-1,49165,-1,-1,-1,47161,-1,45185,-1,47193,-1,43175,-1,-1,-1,-1,-1,41167,-1,-1,-1,75249,-1,-1,-1,75269,-1,89321,-1,-1,-1,87315,-1,85311,-1,-1,-1,-1,-1,87319,-1,-1,-1,85317,-1,-1,-1,-1,-1,-1,-1,93339,-1,95343,-1,95353,-1,93351,-1,95353,-1,97359,-1,-1,-1,99349,-1,-1,-1,-1,-1,-1,-1,99377,-1,97369,-1,97375,-1
-1,6020,6019,5018,-1,9032,10033,10034,10035,10036,10037,10038,-1,13044,-1,19082,-1,11052,-1,23094,-1,21084,-1,13062,-1,13064,-1,15070,16071,16072,-1,11058,12059,12060,12061,12062,12063,12064,12065,12066,-1,15072,16073,16074,-1,15076,-1,13074,-1,15080,-1,49154,50155,50156,-1,31118,32119,32120,-1,50166,50165,49164,50165,49166,-1,61204,-1,47162,-1,45184,-1,47194,-1,43176,-1,51182,52183,52184,-1,40166,40165,39164,-1,75250,-1,76272,76271,75270,-1,88320,88319,88318,88317,87316,-1,85310,86311,86312,86313,86314,-1,87320,88321,88322,-1,85316,86317,86318,-1,96360,96359,95358,-1,93340,94341,94342,-1,95352,-1,93350,94351,94352,-1,96358,96357,95356,-1,99350,100351,100352,100353,100354,100355,100356,-1,99378,-1,97368,-1,97374,-1
-1,-1,-1,5017,-1,9031,-1,-1,-1,11037,-1,-1,-1,13043,-1,19083,-1,11051,-1,23093,-1,21085,-1,13061,-1,13063,-1,-1,-1,-1,-1,11057,-1,-1,-1,13061,-1,-1,-1,13067,-1,15071,-1,-1,-1,15075,-1,13073,-1,15079,-1,-1,-1,-1,-1,31117,-1,33121,-1,-1,-1,-1,-1,-1,-1,61203,-1,47163,-1,45183,-1,-1,-1,43177,-1,51181,-1,-1,-1,-1,-1,39163,-1,75251,-1,77273,-1,-1,-1,-1,-1,-1,-1,-1,-1,85309,-1,-1,-1,87315,-1,-1,-1,89321,-1,85315,-1,87319,-1,97361,-1,95357,-1,-1,-1,-1,-1,95351,-1,93349,-1,95351,-1,-1,-1,95355,-1,-1,-1,-1,-1,-1,-1,101357,-1,99379,-1,97367,-1,97373,-1
-1,3014,4015,4016,-1,8030,8029,7028,-1,11038,12039,12040,12041,12042,-1,19084,-1,11050,-1,23092,-1,21086,-1,13060,-1,12062,12061,12060,12059,12058,12057,11056,12057,12058,-1,13060,14061,14062,14063,13068,14069,14070,14071,14072,14073,14074,14073,13072,-1,15078,-1,29112,30113,30114,30115,30116,-1,33122,34123,34124,34125,34126,34127,33132,-1,61202,-1,47164,-1,44182,44181,44180,44179,43178,-1,51180,-1,37158,38159,38160,38161,38162,-1,75252,-1,77274,78275,78276,78277,78278,78279,78280,-1,81286,-1,85308,-1,83306,-1,87316,88317,88318,88319,88320,-1,85314,-1,87320,-1,97362,-1,94356,94355,94354,94353,94352,94351,94350,94349,93348,94349,94350,94351,94352,94353,94354,94353,93352,94353,94354,94355,94356,-1,100382,100381,99380,-1,97366,-1,97372,-1
-1,3013,-1,-1,-1,-1,-1,7027,-1,-1,-1,-1,-1,-1,-1,19085,-1,11049,-1,23091,-1,21087,-1,13059,-1,-1,-1,-1,-1,-1,-1,11055,-1,13057,-1,13059,-1,-1,-1,-1,-1,-1,-1,-1,-1,-1,-1,13071,-1,15077,-1,29111,-1,-1,-1,-1,-1,-1,-1,-1,-1,-1,-1,33131,-1,61201,-1,47165,-1,-1,-1,-1,-1,-1,-1,51179,-1,37157,-1,-1,-1,-1,-1,75253,-1,-1,-1,-1,-1,-1,-1,79281,-1,81285,-1,85307,-1,83305,-1,-1,-1,-1,-1,-1,-1,85313,-1,87321,-1,-1,-1,95357,-1,95355,-1,95343,-1,-1,-1,93347,-1,-1,-1,95351,-1,-1,-1,93351,-1,-1,-1,-1,-1,-1,-1,-1,-1,97365,-1,97371,-1
-1,3012,-1,1010,2011,2012,-1,6026,6025,6024,6023,5022,6023,6024,-1,19086,-1,11048,-1,22090,22089,21088,-1,12058,12057,12056,12055,12054,12053,11052,-1,11054,12055,12056,12057,12058,12059,12060,12061,12062,12063,12064,12065,12066,12067,12068,12069,12070,-1,15076,-1,28110,28109,27108,-1,31122,32123,32124,32125,32126,32127,32128,32129,32130,-1,61200,-1,47166,48167,48168,48169,48170,48171,48172,-1,51178,-1,37156,-1,78262,78261,77260,-1,75254,-1,80288,80287,80286,80285,80284,80283,79282,80283,80284,-1,84306,84305,83304,-1,84314,84313,84312,84311,83310,84311,84312,-1,87322,88323,88324,-1,95358,96357,95356,-1,94350,94349,94348,94347,93346,94347,94348,94349,94350,94351,94352,-1,93350,-1,95352,96353,96354,96355,96356,96357,95358,-1,97364,-1,97370,-1
-1,3011,-1,1009,-1,3013,-1,-1,-1,-1,-1,5021,-1,7025,-1,19087,-1,11047,-1,-1,-1,-1,-1,-1,-1,-1,-1,-1,-1,11051,-1,11053,-1,13057,-1,13059,-1,13061,-1,13063,-1,13065,-1,13067,-1,-1,-1,-1,-1,15075,-1,-1,-1,27107,-1,31121,-1,-1,-1,-1,-1,-1,-1,-1,-1,61199,-1,-1,-1,-1,-1,-1,-1,49173,-1,51177,-1,37155,-1,79263,-1,77259,-1,75255,-1,81289,-1,-1,-1,-1,-1,-1,-1,-1,-1,-1,-1,83303,-1,-1,-1,-1,-1,83309,-1,-1,-1,-1,-1,89325,-1,-1,-1,-1,-1,95341,-1,95343,-1,93345,-1,-1,-1,-1,-1,95347,-1,93349,-1,95351,-1,-1,-1,-1,-1,95357,-1,97363,-1,97369,-1
-1,2010,2009,1008,-1,3014,4015,4016,4017,4018,4019,4020,-1,7026,-1,19088,-1,10046,10045,10044,10043,9042,10043,10044,10045,10046,10047,10048,10049,10050,10051,10052,-1,13058,-1,13060,-1,13062,14063,13064,-1,13066,-1,13068,14069,14070,14071,14072,14073,14074,14075,14076,-1,27106,-1,30120,30119,29118,-1,31124,32125,32126,32127,32128,-1,60198,60197,59196,60197,60198,60199,60200,-1,49174,50175,50176,-1,37154,-1,79264,-1,76258,76257,75256,-1,81290,82291,82292,82293,82294,82295,82296,82297,82298,82299,82300,82301,82302,82303,82304,82305,82306,82307,82308,-1,85314,-1,90328,90327,89326,-1,93336,94337,93350,94339,94340,94341,94342,94343,93344,94345,94346,94345,93344,94345,94346,94347,93348,94349,94350,94351,94352,94353,94354,94355,94356,-1,97362,-1,97368,-1
-1,3009,-1,1007,-1,-1,-1,5017,-1,5019,-1,5021,-1,7025,-1,19089,-1,-1,-1,-1,-1,9041,-1,-1,-1,11047,-1,-1,-1,-1,-1,-1,-1,13059,-1,13061,-1,-1,-1,-1,-1,13067,-1,-1,-1,-1,-1,-1,-1,15075,-1,-1,-1,27105,-1,-1,-1,29117,-1,31123,-1,-1,-1,33129,-1,61199,-1,59195,-1,-1,-1,-1,-1,-1,-1,51177,-1,37153,-1,79265,-1,-1,-1,-1,-1,-1,-1,83293,-1,83295,-1,-1,-1,-1,-1,83301,-1,83303,-1,-1,-1,-1,-1,83309,-1,85313,-1,91329,-1,-1,-1,93335,-1,93349,-1,-1,-1,-1,-1,93343,-1,-1,-1,93343,-1,-1,-1,93347,-1,-1,-1,-1,-1,95355,-1,95357,-1,97361,-1,97367,-1
-1,2008,2007,1006,-1,6020,6019,5018,-1,5020,-1,5022,6023,6024,-1,19090,-1,7036,8037,8038,8039,8040,-1,12050,12049,11048,-1,14066,14065,14064,14063,14062,14061,13060,-1,13062,14063,14064,14065,14066,-1,13068,-1,19082,20083,20084,20085,20086,-1,15076,-1,25102,26103,26104,26105,26106,-1,29116,-1,30122,30121,29120,-1,33130,-1,61200,-1,58194,58193,57192,-1,54186,54185,53184,-1,51178,-1,37152,-1,79266,-1,84300,84299,84298,84297,84296,84295,83294,-1,83296,84297,84298,84299,84300,-1,83302,84303,83304,84305,84306,-1,84312,84311,83310,84311,84312,-1,91330,92331,92332,92333,92334,-1,92348,92347,92346,92345,92344,92343,92342,92341,91340,92341,92342,92343,92344,92345,92346,-1,96360,96359,96358,96357,95356,-1,95358,96359,96360,-1,97366,-1
-1,-1,-1,1005,-1,7021,-1,-1,-1,-1,-1,5023,-1,-1,-1,19091,-1,7035,-1,-1,-1,9041,-1,13051,-1,-1,-1,15067,-1,15063,-1,-1,-1,-1,-1,13063,-1,15065,-1,-1,-1,13069,-1,19081,-1,-1,-1,21087,-1,15077,-1,25101,-1,-1,-1,27107,-1,29115,-1,31123,-1,29119,-1,33131,-1,-1,-1,59195,-1,57191,-1,55187,-1,53183,-1,51179,-1,37151,-1,79267,-1,-1,-1,-1,-1,-1,-1,-1,-1,-1,-1,-1,-1,85301,-1,-1,-1,83305,-1,85307,-1,85313,-1,83311,-1,-1,-1,-1,-1,-1,-1,-1,-1,-1,-1,-1,-1,93339,-1,-1,-1,91339,-1,93343,-1,93345,-1,-1,-1,97361,-1,-1,-1,-1,-1,-1,-1,-1,-1,97365,-1
-1,1002,-1,1004,-1,7022,8023,8024,8025,7030,-1,5024,6025,6026,-1,19092,-1,7034,-1,11048,-1,9042,-1,13052,-1,16070,16069,15068,-1,15062,-1,17072,-1,14066,14065,13064,-1,15066,-1,14072,14071,13070,-1,18080,18079,17078,-1,21088,-1,15078,-1,24100,24099,23098,-1,27108,-1,29114,-1,31124,-1,29118,-1,33132,34133,34134,-1,59196,-1,56190,56189,55188,-1,52182,52181,51180,-1,37150,-1,79268,80269,80270,80271,80272,-1,83278,84279,84280,84281,84282,84283,84284,-1,85302,-1,84308,84307,83306,-1,85308,86309,85314,-1,83312,84313,84314,84315,84316,84317,84318,-1,87324,88325,87326,88327,88328,-1,92338,92337,91336,-1,91338,-1,93344,-1,93346,94347,94348,-1,97362,98361,98360,98359,97358,-1,98368,98367,98366,98365,97364,-1
-1,1001,-1,1003,-1,-1,-1,-1,-1,7029,-1,5025,-1,7027,-1,-1,-1,7033,-1,11047,-1,9043,-1,13053,-1,-1,-1,-1,-1,15061,-1,17071,-1,15067,-1,-1,-1,15067,-1,15073,-1,-1,-1,-1,-1,17077,-1,21089,-1,-1,-1,-1,-1,23097,-1,27109,-1,29113,-1,-1,-1,29117,-1,-1,-1,35135,-1,-1,-1,-1,-1,-1,-1,-1,-1,-1,-1,37149,-1,79269,-1,-1,-1,81273,-1,83277,-1,-1,-1,85283,-1,-1,-1,85303,-1,-1,-1,83307,-1,-1,-1,-1,-1,83313,-1,-1,-1,85317,-1,-1,-1,87323,-1,87325,-1,89329,-1,-1,-1,91335,-1,91337,-1,93345,-1,-1,-1,95349,-1,-1,-1,-1,-1,97357,-1,-1,-1,-1,-1,97363,-1
-1,0,1,2,3,4,5,6,-1,6028,6027,5026,6027,6028,6029,6030,6031,6032,-1,10046,10045,9044,-1,13054,14055,14056,14057,14058,14059,14060,-1,16070,16069,15068,16069,16070,-1,15068,16069,15074,16071,16072,16073,16074,16075,16076,-1,21090,22091,22092,22093,22094,22095,22096,-1,27110,28111,28112,28113,28114,28115,28116,-1,36138,36137,35136,36137,36138,36139,36140,36141,36142,36143,36144,36145,36146,36147,36148,-1,79270,80271,80272,-1,81274,82275,82276,82277,82278,-1,84316,84315,84314,84313,84312,84311,84310,84309,83308,84309,84310,84311,84312,84313,83314,84315,84316,-1,85318,86319,86320,86321,86322,86323,86324,-1,89330,90331,90332,90333,90334,90335,90336,-1,93346,94347,94348,-1,95350,96351,96352,96353,96354,96355,96356,96357,96358,96359,96360,96361,96362,-1
-1,-1,-1,-1,-1,-1,-1,-1,-1,-1,-1,-1,-1,-1,-1,-1,-1,-1,-1,-1,-1,-1,-1,-1,-1,-1,-1,-1,-1,-1,-1,-1,-1,-1,-1,-1,-1,-1,-1,-1,-1,-1,-1,-1,-1,-1,-1,-1,-1,-1,-1,-1,-1,-1,-1,-1,-1,-1,-1,-1,-1,-1,-1,-1,-1,-1,-1,-1,-1,-1,-1,-1,-1,-1,-1,-1,-1,-1,-1,-1,-1,-1,-1,-1,-1,-1,-1,-1,-1,-1,-1,-1,-1,-1,-1,-1,-1,-1,-1,-1,-1,-1,-1,-1,-1,-1,-1,-1,-1,-1,-1,-1,-1,-1,-1,-1,-1,-1,-1,-1,-1,-1,-1,-1,-1,-1,-1,-1,-1,-1,-1,-1,-1,-1,-1,-1,-1,-1,-1,-1,-1
